{
  "uuid": "64cdba7b-327b-32db-9b49-ad774541c72a",
  "starterPrompted": true,
  "starterLocked": false,
  "starterSelected": true,
  "starterUUID": "8714ccc4-dfa7-4ac5-904d-96e6ae0c8909",
  "keyItems": [],
  "battleTheme": "cobblemon:battle.pvp.default",
  "extraData": {},
  "advancementData": {
    "totalCaptureCount": 2,
    "totalEggsHatched": 0,
    "totalEvolvedCount": 0,
    "totalBattleVictoryCount": 14,
    "totalPvPBattleVictoryCount": 0,
    "totalPvWBattleVictoryCount": 13,
    "totalPvNBattleVictoryCount": 1,
    "totalShinyCaptureCount": 0,
    "totalTradedCount": 0,
    "totalTypeCaptureCounts": {
      "water": 1,
      "normal": 1
    },
    "totalDefeatedCounts": {
      "cobblemon:spearow": 2,
      "cobblemon:pidgey": 2,
      "cobblemon:taillow": 1,
      "cobblemon:rattata": 1,
      "cobblemon:zigzagoon": 1,
      "cobblemon:wingull": 1,
      "cobblemon:cottonee": 2,
      "cobblemon:scatterbug": 1
    },
    "aspectsCollected": {}
  }
}