{
  "uuid": "3092169f-14e5-3c9a-8ab8-73a419f54e3b",
  "starterPrompted": true,
  "starterLocked": false,
  "starterSelected": true,
  "starterUUID": "12e67b68-38d9-43cb-bd4c-ea079b119e9f",
  "keyItems": [],
  "battleTheme": "cobblemon:battle.pvp.default",
  "extraData": {},
  "advancementData": {
    "totalCaptureCount": 6,
    "totalEggsHatched": 0,
    "totalEvolvedCount": 2,
    "totalBattleVictoryCount": 22,
    "totalPvPBattleVictoryCount": 0,
    "totalPvWBattleVictoryCount": 21,
    "totalPvNBattleVictoryCount": 1,
    "totalShinyCaptureCount": 0,
    "totalTradedCount": 0,
    "totalTypeCaptureCounts": {
      "water": 2,
      "fighting": 1,
      "electric": 1,
      "normal": 1,
      "flying": 1,
      "ground": 1,
      "dark": 1
    },
    "totalDefeatedCounts": {
      "cobblemon:ekans": 2,
      "cobblemon:caterpie": 2,
      "cobblemon:metapod": 1,
      "cobblemon:cottonee": 1,
      "cobblemon:crabrawler": 2,
      "cobblemon:mareep": 1,
      "cobblemon:slowpoke": 1,
      "cobblemon:sandshrew": 3,
      "cobblemon:hippopotas": 1,
      "cobblemon:geodude": 1,
      "cobblemon:bisharp": 1
    },
    "aspectsCollected": {}
  }
}