{
  "uuid": "3092169f-14e5-3c9a-8ab8-73a419f54e3b",
  "starterPrompted": true,
  "starterLocked": false,
  "starterSelected": true,
  "starterUUID": "12e67b68-38d9-43cb-bd4c-ea079b119e9f",
  "keyItems": [],
  "battleTheme": "cobblemon:battle.pvp.default",
  "extraData": {},
  "advancementData": {
    "totalCaptureCount": 15,
    "totalEggsHatched": 0,
    "totalEvolvedCount": 4,
    "totalBattleVictoryCount": 67,
    "totalPvPBattleVictoryCount": 0,
    "totalPvWBattleVictoryCount": 64,
    "totalPvNBattleVictoryCount": 3,
    "totalShinyCaptureCount": 0,
    "totalTradedCount": 5,
    "totalTypeCaptureCounts": {
      "water": 3,
      "fighting": 1,
      "electric": 3,
      "normal": 3,
      "flying": 2,
      "ground": 1,
      "dark": 3,
      "ice": 1,
      "rock": 1,
      "ghost": 1,
      "poison": 2,
      "dragon": 1,
      "grass": 1
    },
    "totalDefeatedCounts": {
      "cobblemon:ekans": 2,
      "cobblemon:caterpie": 2,
      "cobblemon:metapod": 1,
      "cobblemon:cottonee": 1,
      "cobblemon:crabrawler": 2,
      "cobblemon:mareep": 1,
      "cobblemon:slowpoke": 1,
      "cobblemon:sandshrew": 3,
      "cobblemon:hippopotas": 1,
      "cobblemon:geodude": 1,
      "cobblemon:bisharp": 1,
      "cobblemon:riolu": 1,
      "cobblemon:gimmighoul": 1,
      "cobblemon:whimsicott": 1,
      "cobblemon:patrat": 3,
      "cobblemon:watchog": 1,
      "cobblemon:flaaffy": 1,
      "cobblemon:pidgey": 4,
      "cobblemon:sentret": 3,
      "cobblemon:rattata": 1,
      "cobblemon:yanma": 1,
      "cobblemon:rookidee": 1,
      "cobblemon:linoone": 1,
      "cobblemon:vulpix": 1,
      "cobblemon:haunter": 1,
      "cobblemon:taillow": 1,
      "cobblemon:weedle": 1,
      "cobblemon:swellow": 1,
      "cobblemon:yamper": 2,
      "cobblemon:teddiursa": 1,
      "cobblemon:starly": 1,
      "cobblemon:bunnelby": 1,
      "cobblemon:buneary": 1,
      "cobblemon:pidove": 1,
      "cobblemon:toucannon": 1,
      "cobblemon:vespiquen": 1,
      "cobblemon:petilil": 1
    },
    "aspectsCollected": {}
  }
}