{
  "uuid": "3092169f-14e5-3c9a-8ab8-73a419f54e3b",
  "starterPrompted": true,
  "starterLocked": false,
  "starterSelected": true,
  "starterUUID": "12e67b68-38d9-43cb-bd4c-ea079b119e9f",
  "keyItems": [],
  "battleTheme": "cobblemon:battle.pvp.default",
  "extraData": {},
  "advancementData": {
    "totalCaptureCount": 4,
    "totalEggsHatched": 0,
    "totalEvolvedCount": 1,
    "totalBattleVictoryCount": 12,
    "totalPvPBattleVictoryCount": 0,
    "totalPvWBattleVictoryCount": 11,
    "totalPvNBattleVictoryCount": 1,
    "totalShinyCaptureCount": 0,
    "totalTradedCount": 0,
    "totalTypeCaptureCounts": {
      "water": 2,
      "fighting": 1,
      "electric": 1
    },
    "totalDefeatedCounts": {
      "cobblemon:ekans": 1,
      "cobblemon:caterpie": 2,
      "cobblemon:metapod": 1,
      "cobblemon:cottonee": 1,
      "cobblemon:crabrawler": 2
    },
    "aspectsCollected": {}
  }
}