{"stats":{"minecraft:used":{"minecraft:stone_shovel":48,"minecraft:chest":5,"minecraft:cooked_chicken":1,"minecraft:torch":59,"minecraft:granite":3,"minecraft:oak_stairs":1,"minecraft:furnace":5,"tombstone:gift":3,"minecraft:cooked_beef":12,"minecraft:cooked_mutton":9,"minecraft:water_bucket":6,"minecraft:stone_pickaxe":410,"minecraft:baked_potato":4,"minecraft:wooden_pickaxe":60,"minecraft:fletching_table":8,"minecraft:crafting_table":11,"minecraft:white_bed":2,"minecraft:oak_log":5,"waystones:waystone":1,"minecraft:bread":5,"minecraft:gravel":5,"minecraft:stone_axe":362,"minecraft:cobblestone":78,"minecraft:bucket":7,"minecraft:purple_carpet":1},"minecraft:picked_up":{"minecraft:crafting_table":8,"minecraft:chicken":1,"minecraft:clay_ball":179,"minecraft:oak_stairs":2,"minecraft:string":10,"minecraft:raw_copper":49,"minecraft:beef":21,"minecraft:chest":4,"minecraft:egg":9,"minecraft:furnace":2,"minecraft:raw_iron":46,"minecraft:stick":2,"minecraft:torch":13,"sophisticatedbackpacks:backpack":3,"tombstone:grave_dust":9,"minecraft:diorite":1,"minecraft:arrow":14,"minecraft:rotten_flesh":20,"minecraft:hay_block":1,"minecraft:mutton":25,"minecraft:white_wool":17,"minecraft:cobblestone":225,"minecraft:birch_log":18,"minecraft:andesite":1,"minecraft:leather":22,"minecraft:brown_wool":2,"minecraft:potato":1,"minecraft:oak_log":128,"minecraft:gunpowder":7,"minecraft:lapis_lazuli":16,"minecraft:dirt":11,"tombstone:gift":1,"minecraft:cooked_mutton":1,"minecraft:purple_carpet":2,"minecraft:bone":16,"uniquedungeons:crystal_arrow_item":1,"minecraft:bow":2,"minecraft:wheat_seeds":7,"minecraft:iron_ingot":1,"minecraft:fletching_table":8,"minecraft:oak_planks":1,"minecraft:gravel":5,"minecraft:white_bed":1,"minecraft:spider_eye":5,"minecraft:bundle":1,"minecraft:stone_axe":1,"waystones:waystone":1,"minecraft:granite":8,"minecraft:oak_sapling":5,"minecraft:coal":248},"minecraft:mined":{"minecraft:granite":8,"minecraft:grass_block":3,"minecraft:furnace":2,"minecraft:iron_ore":42,"minecraft:andesite":1,"minecraft:fletching_table":7,"minecraft:deepslate_iron_ore":6,"minecraft:oak_stairs":1,"minecraft:stone":219,"minecraft:crafting_table":8,"minecraft:clay":45,"minecraft:chest":4,"minecraft:cobblestone":3,"minecraft:copper_ore":14,"minecraft:tall_grass":10,"minecraft:deepslate_coal_ore":1,"minecraft:lapis_ore":3,"minecraft:oak_planks":1,"minecraft:diorite":1,"minecraft:wall_torch":9,"minecraft:birch_log":19,"minecraft:wheat":1,"minecraft:birch_leaves":3,"minecraft:grass":21,"minecraft:oak_log":129,"minecraft:coal_ore":164,"minecraft:gravel":5,"minecraft:dirt":9,"minecraft:oak_leaves":27},"minecraft:crafted":{"minecraft:oak_planks":456,"minecraft:cooked_chicken":1,"minecraft:cooked_mutton":11,"minecraft:bow":4,"minecraft:chest":2,"minecraft:chiseled_stone_bricks":32,"minecraft:cooked_beef":9,"minecraft:arrow":160,"minecraft:emerald":42,"minecraft:crafting_table":1,"minecraft:baked_potato":4,"minecraft:birch_planks":20,"minecraft:stone_axe":2,"minecraft:air":0,"minecraft:stick":872,"minecraft:iron_ingot":19,"minecraft:white_bed":1,"minecraft:torch":52},"minecraft:custom":{"minecraft:mob_kills":89,"minecraft:interact_with_crafting_table":27,"minecraft:bell_ring":22,"minecraft:leave_game":1,"minecraft:time_since_death":110577,"minecraft:climb_one_cm":2374,"minecraft:sprint_one_cm":249177,"minecraft:walk_one_cm":261076,"minecraft:drop":65,"minecraft:talked_to_villager":50,"minecraft:play_time":110577,"minecraft:sneak_time":296,"minecraft:walk_under_water_one_cm":16290,"minecraft:jump":2732,"minecraft:walk_on_water_one_cm":17836,"minecraft:total_world_time":110577,"minecraft:interact_with_furnace":27,"minecraft:traded_with_villager":64,"minecraft:sleep_in_bed":2,"minecraft:time_since_rest":11032,"minecraft:waystone_activated":3,"minecraft:damage_taken":1637,"minecraft:damage_dealt":14035,"minecraft:swim_one_cm":63381,"minecraft:fly_one_cm":569286,"minecraft:open_chest":24,"minecraft:crouch_one_cm":574,"tombstone:undead_killed":30,"minecraft:fall_one_cm":88704},"minecraft:killed":{"minecraft:spider":11,"minecraft:horse":10,"minecraft:skeleton":15,"minecraft:chicken":1,"minecraft:creeper":8,"minecraft:sheep":19,"minecraft:zombie":15,"minecraft:cow":10},"minecraft:broken":{"minecraft:wooden_pickaxe":1,"minecraft:stone_pickaxe":2,"minecraft:stone_axe":1},"minecraft:dropped":{"minecraft:wheat_seeds":5,"minecraft:cooked_beef":5,"minecraft:cobblestone":1,"minecraft:leather":8,"minecraft:granite":5,"minecraft:coal":61,"minecraft:dirt":11,"minecraft:diorite":1,"minecraft:mutton":9,"minecraft:brown_wool":2,"tombstone:grave_dust":2,"minecraft:oak_stairs":1,"minecraft:purple_wool":1,"minecraft:string":11,"minecraft:bucket":1,"minecraft:stone_axe":4,"minecraft:rotten_flesh":2,"minecraft:clay_ball":3,"sophisticatedbackpacks:backpack":2,"minecraft:name_tag":1,"minecraft:cooked_mutton":3,"minecraft:white_bed":1,"minecraft:chiseled_stone_bricks":32,"minecraft:potato":1,"minecraft:hay_block":1,"minecraft:bundle":3,"minecraft:andesite":1,"minecraft:oak_sapling":1,"minecraft:spider_eye":1,"minecraft:bow":5,"minecraft:arrow":128,"minecraft:stone_pickaxe":1,"minecraft:beef":10,"minecraft:purple_carpet":1,"minecraft:egg":2}},"DataVersion":3465}