{"stats":{"minecraft:used":{"minecraft:cooked_mutton":9,"minecraft:water_bucket":5,"minecraft:stone_shovel":48,"minecraft:stone_pickaxe":410,"minecraft:baked_potato":4,"minecraft:chest":3,"minecraft:wooden_pickaxe":60,"minecraft:fletching_table":8,"minecraft:cooked_chicken":1,"minecraft:torch":57,"minecraft:crafting_table":10,"minecraft:white_bed":2,"minecraft:granite":3,"minecraft:oak_log":5,"waystones:waystone":1,"minecraft:bread":4,"minecraft:gravel":5,"minecraft:stone_axe":295,"minecraft:cobblestone":73,"minecraft:furnace":5,"minecraft:bucket":6,"tombstone:gift":3,"minecraft:cooked_beef":10,"minecraft:purple_carpet":1},"minecraft:picked_up":{"minecraft:birch_log":5,"minecraft:crafting_table":7,"minecraft:chicken":1,"minecraft:clay_ball":179,"minecraft:andesite":1,"minecraft:brown_wool":2,"minecraft:leather":22,"minecraft:potato":1,"minecraft:oak_log":96,"minecraft:gunpowder":7,"minecraft:lapis_lazuli":16,"minecraft:string":10,"minecraft:dirt":11,"tombstone:gift":1,"minecraft:raw_copper":49,"minecraft:purple_carpet":2,"minecraft:cooked_mutton":1,"minecraft:bone":16,"uniquedungeons:crystal_arrow_item":1,"minecraft:bow":2,"minecraft:wheat_seeds":6,"minecraft:iron_ingot":1,"minecraft:beef":21,"minecraft:fletching_table":8,"minecraft:chest":4,"minecraft:furnace":2,"minecraft:egg":9,"minecraft:stick":1,"minecraft:raw_iron":46,"minecraft:torch":13,"minecraft:gravel":5,"sophisticatedbackpacks:backpack":3,"tombstone:grave_dust":9,"minecraft:diorite":1,"minecraft:white_bed":1,"minecraft:spider_eye":5,"minecraft:bundle":1,"minecraft:arrow":14,"minecraft:rotten_flesh":20,"minecraft:stone_axe":1,"waystones:waystone":1,"minecraft:hay_block":1,"minecraft:granite":8,"minecraft:oak_sapling":1,"minecraft:coal":248,"minecraft:mutton":25,"minecraft:cobblestone":225,"minecraft:white_wool":17},"minecraft:mined":{"minecraft:clay":45,"minecraft:crafting_table":7,"minecraft:granite":8,"minecraft:grass_block":3,"minecraft:chest":4,"minecraft:tall_grass":10,"minecraft:copper_ore":14,"minecraft:cobblestone":3,"minecraft:deepslate_coal_ore":1,"minecraft:lapis_ore":3,"minecraft:diorite":1,"minecraft:wall_torch":9,"minecraft:furnace":2,"minecraft:birch_log":5,"minecraft:iron_ore":42,"minecraft:birch_leaves":2,"minecraft:andesite":1,"minecraft:fletching_table":7,"minecraft:grass":18,"minecraft:coal_ore":164,"minecraft:oak_log":97,"minecraft:deepslate_iron_ore":6,"minecraft:gravel":5,"minecraft:dirt":9,"minecraft:stone":219,"minecraft:oak_leaves":13},"minecraft:crafted":{"minecraft:cooked_beef":9,"minecraft:oak_planks":84,"minecraft:arrow":128,"minecraft:emerald":16,"minecraft:cooked_chicken":1,"minecraft:baked_potato":4,"minecraft:stone_axe":1,"minecraft:cooked_mutton":11,"minecraft:air":0,"minecraft:stick":40,"minecraft:iron_ingot":19,"minecraft:white_bed":1,"minecraft:chiseled_stone_bricks":32,"minecraft:torch":52},"minecraft:custom":{"minecraft:interact_with_furnace":27,"minecraft:mob_kills":89,"minecraft:traded_with_villager":32,"minecraft:interact_with_crafting_table":25,"minecraft:bell_ring":22,"minecraft:leave_game":1,"minecraft:time_since_death":98577,"minecraft:sleep_in_bed":1,"minecraft:climb_one_cm":1931,"minecraft:waystone_activated":3,"minecraft:time_since_rest":13242,"minecraft:sprint_one_cm":222028,"minecraft:damage_taken":1569,"minecraft:walk_one_cm":241849,"minecraft:drop":56,"minecraft:damage_dealt":14035,"minecraft:talked_to_villager":37,"minecraft:swim_one_cm":60093,"minecraft:fly_one_cm":481477,"minecraft:open_chest":21,"minecraft:crouch_one_cm":574,"minecraft:play_time":98577,"tombstone:undead_killed":30,"minecraft:sneak_time":284,"minecraft:walk_under_water_one_cm":16067,"minecraft:jump":2444,"minecraft:walk_on_water_one_cm":17707,"minecraft:total_world_time":98577,"minecraft:fall_one_cm":78552},"minecraft:killed":{"minecraft:spider":11,"minecraft:creeper":8,"minecraft:horse":10,"minecraft:skeleton":15,"minecraft:sheep":19,"minecraft:zombie":15,"minecraft:chicken":1,"minecraft:cow":10},"minecraft:broken":{"minecraft:stone_pickaxe":2,"minecraft:wooden_pickaxe":1},"minecraft:dropped":{"minecraft:stone_axe":4,"minecraft:wheat_seeds":4,"minecraft:cooked_beef":5,"minecraft:cobblestone":1,"minecraft:rotten_flesh":2,"minecraft:clay_ball":3,"minecraft:leather":8,"sophisticatedbackpacks:backpack":2,"minecraft:granite":5,"minecraft:name_tag":1,"minecraft:cooked_mutton":3,"minecraft:white_bed":1,"minecraft:coal":61,"minecraft:chiseled_stone_bricks":32,"minecraft:dirt":9,"minecraft:potato":1,"minecraft:hay_block":1,"minecraft:diorite":1,"minecraft:bundle":3,"minecraft:mutton":9,"minecraft:andesite":1,"minecraft:brown_wool":2,"tombstone:grave_dust":2,"minecraft:spider_eye":1,"minecraft:beef":10,"minecraft:arrow":128,"minecraft:stone_pickaxe":1,"minecraft:purple_wool":1,"minecraft:string":11,"minecraft:bucket":1,"minecraft:purple_carpet":1,"minecraft:egg":2}},"DataVersion":3465}