{"stats":{"minecraft:killed":{"minecraft:witch":1,"minecraft:spider":1,"minecraft:skeleton":10,"minecraft:magma_cube":7,"minecraft:pig":2,"minecraft:salmon":7,"minecraft:creeper":2,"minecraft:sheep":3,"minecraft:zombie":21,"minecraft:cow":1,"minecraft:evoker":1,"rctmod:trainer":17,"minecraft:drowned":1,"minecraft:husk":1,"cobblemon:pokemon":5,"minecraft:villager":1},"minecraft:picked_up":{"cobblemon:remedy":2,"cobblemon:leaf_stone":1,"minecraft:stone_slab":1,"minecraft:lead":3,"cobblemon:red_apricorn":131,"minecraft:potion":1,"minecraft:enchanted_book":2,"minecraft:brewing_stand":1,"cobblemon:sharp_beak":2,"cobblemon:wepear_berry":2,"minecraft:string":3,"minecraft:raw_copper":43,"minecraft:beetroot_soup":1,"simpletms:tr_retaliate":1,"minecraft:cobbled_deepslate":32,"cobblemon:white_apricorn_seed":1,"minecraft:spruce_planks":3,"cobblemon:oran_berry":16,"minecraft:rose_bush":1,"minecraft:azalea":2,"cobblemon:big_root":1,"minecraft:melon_slice":6,"minecraft:furnace":1,"minecraft:stick":27,"cobblemon:pc":11,"minecraft:oak_fence":1,"minecraft:torch":15,"minecraft:acacia_log":57,"minecraft:spruce_stairs":2,"minecraft:porkchop":9,"tombstone:grave_dust":9,"minecraft:green_terracotta":1,"minecraft:cactus":3,"minecraft:rotten_flesh":26,"minecraft:cyan_terracotta":202,"cobblemon:super_potion":1,"minecraft:cobblestone":1354,"minecraft:birch_log":266,"minecraft:feather":8,"minecraft:cooked_beef":3,"minecraft:magma_cream":1,"minecraft:water_bucket":1,"minecraft:andesite":9,"minecraft:jungle_log":16,"cobblemon:shell_bell":1,"minecraft:brown_wool":4,"cobblemon:pinap_berry":5,"cobblemon:focus_sash":2,"minecraft:potato":206,"minecraft:flint":14,"cobblemon:bluk_berry":6,"cobblemon:protector":1,"minecraft:dirt":423,"cobblemon:eviolite":4,"minecraft:bone":30,"minecraft:acacia_planks":5,"minecraft:bow":2,"minecraft:wheat_seeds":78,"minecraft:orange_tulip":16,"cobblemon:potion":1,"cobblemon:thunder_stone":2,"minecraft:rabbit":6,"minecraft:moss_block":1,"minecraft:oak_planks":27,"cobblemon:poison_barb":1,"minecraft:cooked_porkchop":3,"simpletms:tr_shadowclaw":1,"minecraft:poisonous_potato":4,"minecraft:sand":12,"cobblemon:persim_berry":2,"minecraft:dark_oak_log":7,"minecraft:light_gray_terracotta":13,"minecraft:diamond":1,"cobblemon:poke_ball":45,"minecraft:granite":99,"minecraft:emerald":3,"cobblemon:chesto_berry":31,"cobblemon:medicinal_leek":405,"minecraft:oak_sapling":7,"minecraft:fishing_rod":1,"minecraft:charcoal":4,"minecraft:crafting_table":7,"minecraft:chicken":19,"minecraft:clay_ball":140,"cobblemon:fine_remedy":1,"minecraft:red_bed":1,"minecraft:moss_carpet":1,"cobblemon:mystic_water":1,"cobblemon:white_apricorn":12,"minecraft:white_carpet":3,"cobblemon:green_apricorn":4,"minecraft:beef":22,"minecraft:player_head":1,"minecraft:poppy":2,"cobblemon:dusk_stone":2,"cobblemon:pep_up_flower":4,"minecraft:chest":1,"minecraft:birch_sapling":25,"cobblemon:green_apricorn_seed":1,"minecraft:egg":4,"minecraft:dark_oak_sapling":2,"minecraft:raw_iron":42,"minecraft:tnt":4,"cobblemon:dawn_stone":2,"minecraft:arrow":20,"minecraft:hay_block":10,"cobblemon:black_augurite":1,"minecraft:saddle":1,"minecraft:totem_of_undying":3,"minecraft:glow_berries":1,"minecraft:mutton":20,"cobblemon:blue_apricorn":7,"minecraft:white_wool":29,"minecraft:air":0,"minecraft:basalt":14,"minecraft:tripwire_hook":1,"minecraft:salmon":12,"minecraft:leather":10,"minecraft:birch_planks":23,"minecraft:oak_log":26,"minecraft:gunpowder":2,"tombstone:gift":1,"cobblemon:pink_apricorn_seed":1,"cobblemon:paralyze_heal":1,"minecraft:red_carpet":3,"minecraft:apple":3,"minecraft:pearlescent_froglight":3,"minecraft:rabbit_hide":2,"minecraft:iron_ingot":11,"minecraft:stone_pickaxe":2,"minecraft:acacia_sapling":6,"cobblemon:chilan_berry":4,"cobblemon:red_apricorn_seed":22,"cobblemon:azure_ball":1,"minecraft:smooth_basalt":1,"minecraft:sweet_berries":4,"minecraft:red_wool":1,"cobblemon:blue_apricorn_seed":2,"minecraft:gravel":52,"simpletms:tr_gigaimpact":1,"cobblemon:pink_apricorn":3,"simpletms:tr_psychup":1,"cobblemon:hyper_potion":1,"minecraft:stone_axe":1,"simpletms:tr_leer":1,"minecraft:baked_potato":31,"tombstone:magic_scroll":2,"minecraft:coal":157},"minecraft:used":{"minecraft:iron_shovel":254,"minecraft:chest":6,"minecraft:shield":46,"minecraft:green_terracotta":1,"minecraft:mutton":4,"minecraft:jungle_planks":64,"minecraft:carrot":15,"minecraft:axolotl_bucket":1,"minecraft:cyan_terracotta":90,"minecraft:red_wool":1,"minecraft:red_carpet":3,"minecraft:sweet_berries":2,"minecraft:furnace":2,"minecraft:egg":1,"minecraft:potato":133,"minecraft:stone_pickaxe":1519,"minecraft:oak_planks":47,"minecraft:wooden_pickaxe":7,"minecraft:sandstone":1,"minecraft:golden_hoe":8,"cobblemon:yellow_apricorn_seed":2,"minecraft:crossbow":12,"minecraft:melon_slice":6,"minecraft:bread":40,"minecraft:gravel":2,"cobblemon:red_apricorn_seed":26,"minecraft:andesite":2,"minecraft:birch_log":9,"minecraft:bone_meal":123,"minecraft:experience_bottle":1,"minecraft:oak_fence":1,"minecraft:flint_and_steel":52,"minecraft:stone_shovel":128,"minecraft:spruce_planks":1,"minecraft:stone_hoe":50,"minecraft:torch":73,"minecraft:brewing_stand":1,"minecraft:dirt":272,"minecraft:white_carpet":1,"minecraft:granite":30,"cobblemon:pink_apricorn_seed":1,"minecraft:smooth_basalt":1,"cobblemon:pc":15,"minecraft:beef":3,"tombstone:gift":4,"minecraft:cooked_beef":10,"minecraft:cobbled_deepslate":14,"minecraft:acacia_planks":150,"minecraft:cooked_mutton":7,"minecraft:water_bucket":118,"minecraft:birch_planks":791,"minecraft:baked_potato":84,"minecraft:salmon":2,"minecraft:oak_slab":2,"minecraft:crafting_table":9,"minecraft:red_bed":1,"minecraft:campfire":3,"cobblemon:white_apricorn_seed":1,"minecraft:apple":1,"cobblemon:oran_berry":1,"minecraft:iron_pickaxe":494,"tombstone:magic_scroll":2,"minecraft:stone_axe":611,"minecraft:cobblestone":134,"minecraft:porkchop":3,"minecraft:cooked_porkchop":3,"minecraft:bucket":118,"cobblemon:blue_apricorn_seed":3},"minecraft:dropped":{"minecraft:moss_block":1,"minecraft:birch_planks":6,"minecraft:porkchop":3,"minecraft:oak_log":2,"minecraft:crafting_table":1,"minecraft:dark_oak_sapling":2,"cobblemon:thunder_stone":1,"minecraft:orange_tulip":11,"minecraft:crossbow":1,"minecraft:glow_berries":1,"cobblemon:persim_berry":2,"minecraft:leather":8,"minecraft:saddle":1,"minecraft:flint":11,"minecraft:cyan_terracotta":48,"minecraft:dirt":16,"minecraft:dark_oak_log":7,"cobblemon:protector":1,"cobblemon:poke_ball":29,"minecraft:mutton":4,"cobblemon:pep_up_flower":4,"minecraft:gold_nugget":2,"simpletms:tr_focusenergy":1,"minecraft:axolotl_bucket":1,"minecraft:sand":12,"minecraft:iron_pickaxe":1,"minecraft:birch_log":4,"minecraft:fishing_rod":2,"minecraft:white_wool":27,"minecraft:bone":3,"minecraft:gravel":32,"minecraft:stone_axe":7,"cobblemon:big_root":1,"minecraft:cobbled_deepslate":18,"minecraft:birch_sapling":25,"simpletms:tr_shadowclaw":2,"tombstone:gift":1,"minecraft:rotten_flesh":24,"minecraft:salmon":10,"minecraft:poppy":2,"cobblemon:super_potion":1,"minecraft:gunpowder":2,"minecraft:charcoal":2,"simpletms:tr_reversal":1,"minecraft:azalea":2,"minecraft:acacia_sapling":6,"minecraft:basalt":14,"minecraft:birch_button":8,"minecraft:arrow":11,"simpletms:tr_bulldoze":1,"minecraft:egg":3,"minecraft:stone_hoe":1,"minecraft:enchanted_book":3,"minecraft:water_bucket":1,"minecraft:bread":9,"minecraft:oak_slab":4,"minecraft:wheat_seeds":32,"minecraft:poisonous_potato":2,"minecraft:feather":8,"minecraft:cobblestone":3,"cobblemon:focus_sash":2,"cobblemon:potion":1,"minecraft:granite":64,"minecraft:spruce_stairs":2,"minecraft:acacia_log":4,"cobblemon:oran_berry":4,"minecraft:stick":37,"minecraft:pearlescent_froglight":3,"minecraft:rabbit":6,"minecraft:brown_wool":4,"cobblemon:sharp_beak":2,"tombstone:grave_dust":9,"minecraft:potion":2,"cobblemon:paralyze_heal":1,"minecraft:cactus":3,"minecraft:string":10,"simpletms:tr_retaliate":2,"minecraft:acacia_planks":67,"minecraft:beetroot_soup":1,"simpletms:tr_gigaimpact":2,"minecraft:moss_carpet":1,"cobblemon:wepear_berry":2,"minecraft:sweet_berries":2,"minecraft:light_gray_terracotta":4,"simpletms:tr_psychup":1,"minecraft:chicken":4,"minecraft:white_carpet":2,"minecraft:clay_ball":72,"minecraft:stone_slab":2,"minecraft:totem_of_undying":2,"minecraft:hay_block":4,"minecraft:spruce_planks":2,"minecraft:andesite":7,"simpletms:tr_leer":2,"minecraft:oak_sapling":3,"minecraft:bow":2,"minecraft:stone_pickaxe":9,"minecraft:wooden_pickaxe":1,"minecraft:magma_cream":1,"cobblemon:eviolite":1},"minecraft:custom":{"minecraft:interact_with_crafting_table":52,"minecraft:open_barrel":5,"minecraft:leave_game":6,"minecraft:time_since_death":89019,"minecraft:sprint_one_cm":1908707,"minecraft:damage_blocked_by_shield":2791,"minecraft:drop":326,"minecraft:talked_to_villager":20,"minecraft:play_time":907809,"minecraft:deaths":8,"minecraft:jump":16056,"minecraft:walk_on_water_one_cm":83060,"minecraft:interact_with_furnace":35,"minecraft:sleep_in_bed":7,"minecraft:damage_dealt":13680,"minecraft:crouch_one_cm":36955,"tombstone:undead_killed":33,"tombstone:villager_killed":1,"minecraft:interact_with_smoker":1,"minecraft:interact_with_smithing_table":1,"minecraft:horse_one_cm":22,"minecraft:mob_kills":82,"minecraft:interact_with_campfire":36,"minecraft:climb_one_cm":8516,"minecraft:walk_one_cm":1539328,"minecraft:damage_dealt_absorbed":80,"minecraft:sneak_time":9521,"minecraft:walk_under_water_one_cm":91135,"minecraft:boat_one_cm":103185,"minecraft:total_world_time":907809,"tombstone:raider_killed":2,"minecraft:time_since_rest":88801,"minecraft:damage_taken":6118,"minecraft:swim_one_cm":131794,"minecraft:fly_one_cm":4253463,"minecraft:open_chest":172,"minecraft:fall_one_cm":539806},"minecraft:broken":{"minecraft:iron_shovel":1,"minecraft:stone_pickaxe":9,"minecraft:stone_axe":4,"minecraft:shield":1,"minecraft:leather_boots":1,"minecraft:iron_pickaxe":1},"minecraft:killed_by":{"minecraft:creeper":1,"minecraft:pufferfish":1,"minecraft:magma_cube":1,"minecraft:zombie":3,"minecraft:vex":1,"minecraft:skeleton":1},"minecraft:crafted":{"minecraft:oak_planks":76,"minecraft:cooked_chicken":15,"minecraft:cooked_mutton":7,"minecraft:chest":5,"minecraft:birch_button":8,"minecraft:stone_hoe":1,"minecraft:oak_slab":6,"minecraft:crafting_table":3,"minecraft:wooden_pickaxe":1,"minecraft:baked_potato":53,"minecraft:copper_ingot":43,"minecraft:birch_planks":880,"minecraft:campfire":3,"cobblemon:poke_ball":104,"minecraft:shield":1,"minecraft:stick":144,"minecraft:iron_ingot":12,"minecraft:iron_pickaxe":1,"minecraft:gold_ingot":2,"minecraft:stone_shovel":2,"minecraft:fishing_rod":1,"minecraft:furnace":1,"minecraft:bone_meal":123,"minecraft:flint_and_steel":1,"minecraft:stone_pickaxe":17,"minecraft:wheat":54,"minecraft:cooked_beef":19,"minecraft:stone_axe":14,"minecraft:bread":18,"minecraft:air":0,"minecraft:jungle_planks":64,"minecraft:acacia_planks":212,"minecraft:torch":116},"minecraft:mined":{"minecraft:spruce_planks":2,"cobblemon:dawn_stone_ore":2,"cobblemon:pc":12,"minecraft:brewing_stand":1,"minecraft:granite":97,"minecraft:acacia_log":35,"minecraft:grass_block":192,"minecraft:jungle_log":8,"minecraft:iron_ore":21,"minecraft:fire":23,"minecraft:moss_carpet":2,"cobblemon:medicinal_leek":167,"minecraft:green_stained_glass":2,"minecraft:flowering_azalea_leaves":1,"minecraft:dirt_path":2,"minecraft:azalea_leaves":1,"minecraft:azalea":2,"minecraft:player_head":1,"minecraft:tripwire":1,"cobblemon:deepslate_dusk_stone_ore":2,"minecraft:red_bed":1,"minecraft:cyan_terracotta":207,"cobblemon:leaf_stone_ore":1,"minecraft:clay":19,"minecraft:torch":1,"cobblemon:apricorn_leaves":1,"minecraft:light_gray_terracotta":10,"minecraft:poppy":1,"minecraft:melon":1,"minecraft:dead_bush":5,"minecraft:cobblestone":36,"minecraft:oak_planks":2,"minecraft:wall_torch":3,"minecraft:birch_log":270,"cobblemon:deepslate_thunder_stone_ore":1,"minecraft:tnt":4,"minecraft:orange_tulip":2,"minecraft:grass":408,"minecraft:oak_log":26,"minecraft:sand":5,"minecraft:dirt":143,"minecraft:smooth_basalt":2,"minecraft:oak_leaves":61,"minecraft:deepslate":17,"minecraft:diamond_ore":1,"minecraft:red_carpet":4,"minecraft:tuff":1,"minecraft:mossy_cobblestone":1,"minecraft:dark_oak_log":7,"minecraft:glow_lichen":1,"cobblemon:chesto_berry":5,"minecraft:spruce_leaves":6,"cobblemon:red_apricorn_sapling":1,"minecraft:moss_block":2,"minecraft:large_fern":5,"minecraft:hay_block":6,"minecraft:furnace":1,"minecraft:green_terracotta":1,"minecraft:andesite":8,"minecraft:gold_block":1,"minecraft:potatoes":55,"minecraft:deepslate_iron_ore":12,"minecraft:stone":1263,"minecraft:acacia_leaves":59,"minecraft:red_wool":1,"minecraft:basalt":14,"minecraft:dandelion":1,"minecraft:oak_fence":1,"minecraft:crafting_table":7,"minecraft:emerald_ore":1,"minecraft:rose_bush":1,"minecraft:campfire":1,"minecraft:tall_grass":268,"minecraft:copper_ore":11,"minecraft:deepslate_coal_ore":1,"cobblemon:chilan_berry":1,"cobblemon:oran_berry":1,"minecraft:spruce_stairs":1,"minecraft:birch_planks":23,"minecraft:white_carpet":2,"minecraft:birch_leaves":16,"minecraft:coal_ore":153,"minecraft:gravel":36,"minecraft:fern":36}},"DataVersion":3465}