{"stats":{"minecraft:used":{"minecraft:cooked_mutton":9,"minecraft:stone_pickaxe":397,"minecraft:baked_potato":4,"minecraft:chest":3,"minecraft:wooden_pickaxe":60,"minecraft:fletching_table":1,"minecraft:cooked_chicken":1,"minecraft:torch":57,"minecraft:crafting_table":7,"minecraft:granite":3,"minecraft:gravel":5,"minecraft:stone_axe":126,"minecraft:cobblestone":52,"minecraft:furnace":3,"minecraft:bucket":1,"tombstone:gift":2,"minecraft:cooked_beef":4},"minecraft:picked_up":{"minecraft:crafting_table":6,"minecraft:chicken":1,"minecraft:brown_wool":2,"minecraft:leather":8,"minecraft:potato":1,"minecraft:oak_log":11,"minecraft:gunpowder":4,"minecraft:lapis_lazuli":12,"minecraft:string":7,"minecraft:dirt":9,"minecraft:raw_copper":49,"minecraft:cooked_mutton":1,"minecraft:bone":15,"minecraft:bow":2,"minecraft:wheat_seeds":2,"minecraft:iron_ingot":1,"minecraft:beef":11,"minecraft:fletching_table":1,"minecraft:chest":4,"minecraft:furnace":2,"minecraft:egg":7,"minecraft:stick":1,"minecraft:raw_iron":41,"minecraft:torch":13,"minecraft:gravel":5,"sophisticatedbackpacks:backpack":3,"tombstone:grave_dust":7,"minecraft:diorite":1,"minecraft:spider_eye":3,"minecraft:bundle":1,"minecraft:arrow":12,"minecraft:rotten_flesh":18,"minecraft:stone_axe":1,"minecraft:granite":8,"minecraft:coal":248,"minecraft:mutton":16,"minecraft:cobblestone":220,"minecraft:white_wool":10},"minecraft:mined":{"minecraft:crafting_table":6,"minecraft:granite":8,"minecraft:grass_block":1,"minecraft:chest":4,"minecraft:tall_grass":2,"minecraft:copper_ore":14,"minecraft:cobblestone":2,"minecraft:deepslate_coal_ore":1,"minecraft:lapis_ore":2,"minecraft:diorite":1,"minecraft:wall_torch":9,"minecraft:furnace":2,"minecraft:iron_ore":37,"minecraft:fletching_table":1,"minecraft:grass":10,"minecraft:coal_ore":164,"minecraft:oak_log":11,"minecraft:deepslate_iron_ore":6,"minecraft:gravel":5,"minecraft:dirt":8,"minecraft:stone":215,"minecraft:oak_leaves":1},"minecraft:crafted":{"minecraft:cooked_beef":9,"minecraft:oak_planks":44,"minecraft:cooked_chicken":1,"minecraft:baked_potato":4,"minecraft:stone_axe":1,"minecraft:cooked_mutton":11,"minecraft:air":0,"minecraft:stick":32,"minecraft:iron_ingot":14,"minecraft:torch":52},"minecraft:custom":{"minecraft:interact_with_furnace":20,"minecraft:mob_kills":59,"minecraft:interact_with_crafting_table":16,"minecraft:leave_game":1,"minecraft:time_since_death":62577,"minecraft:time_since_rest":62577,"minecraft:sprint_one_cm":109534,"minecraft:damage_taken":1159,"minecraft:walk_one_cm":160642,"minecraft:drop":27,"minecraft:damage_dealt":9189,"minecraft:swim_one_cm":29432,"minecraft:fly_one_cm":196615,"minecraft:open_chest":11,"minecraft:crouch_one_cm":168,"minecraft:play_time":62577,"tombstone:undead_killed":28,"minecraft:sneak_time":119,"minecraft:walk_under_water_one_cm":8963,"minecraft:jump":1207,"minecraft:walk_on_water_one_cm":13230,"minecraft:total_world_time":62577,"minecraft:fall_one_cm":37990},"minecraft:killed":{"minecraft:spider":7,"minecraft:creeper":5,"minecraft:skeleton":14,"minecraft:sheep":12,"minecraft:zombie":14,"minecraft:chicken":1,"minecraft:cow":6},"minecraft:broken":{"minecraft:stone_pickaxe":2,"minecraft:wooden_pickaxe":1},"minecraft:dropped":{"minecraft:stone_axe":3,"minecraft:cooked_beef":5,"minecraft:cobblestone":1,"minecraft:leather":8,"sophisticatedbackpacks:backpack":1,"minecraft:granite":5,"minecraft:name_tag":1,"minecraft:cooked_mutton":3,"minecraft:coal":61,"minecraft:dirt":6,"minecraft:diorite":1,"minecraft:bundle":1,"minecraft:spider_eye":1,"minecraft:stone_pickaxe":1,"minecraft:string":11,"minecraft:bucket":1,"minecraft:egg":2}},"DataVersion":3465}