{"stats":{"minecraft:killed":{"minecraft:evoker":1,"rctmod:trainer":1,"minecraft:witch":1,"minecraft:spider":1,"minecraft:skeleton":9,"minecraft:drowned":1,"cobblemon:pokemon":4,"minecraft:salmon":7,"minecraft:creeper":1,"minecraft:sheep":3,"minecraft:zombie":13,"minecraft:villager":1},"minecraft:killed_by":{"minecraft:pufferfish":1,"minecraft:skeleton":1,"minecraft:zombie":3,"minecraft:vex":1},"minecraft:mined":{"minecraft:diamond_ore":1,"minecraft:tuff":1,"minecraft:red_carpet":4,"minecraft:spruce_planks":2,"cobblemon:pc":2,"minecraft:granite":97,"minecraft:acacia_log":33,"minecraft:grass_block":30,"minecraft:jungle_log":8,"cobblemon:red_apricorn_sapling":1,"minecraft:moss_block":2,"minecraft:hay_block":6,"minecraft:furnace":1,"minecraft:iron_ore":12,"minecraft:fire":3,"minecraft:green_terracotta":1,"minecraft:moss_carpet":2,"minecraft:green_stained_glass":2,"minecraft:flowering_azalea_leaves":1,"minecraft:potatoes":12,"minecraft:deepslate_iron_ore":12,"minecraft:dirt_path":1,"minecraft:azalea_leaves":1,"minecraft:azalea":2,"minecraft:stone":307,"minecraft:tripwire":1,"minecraft:acacia_leaves":57,"minecraft:red_wool":1,"minecraft:red_bed":1,"minecraft:dandelion":1,"minecraft:crafting_table":5,"minecraft:torch":1,"cobblemon:apricorn_leaves":1,"minecraft:melon":1,"minecraft:dead_bush":5,"minecraft:rose_bush":1,"minecraft:campfire":1,"minecraft:tall_grass":213,"minecraft:copper_ore":11,"minecraft:cobblestone":6,"minecraft:deepslate_coal_ore":1,"cobblemon:chilan_berry":1,"minecraft:oak_planks":1,"minecraft:wall_torch":2,"minecraft:spruce_stairs":1,"minecraft:white_carpet":2,"cobblemon:deepslate_thunder_stone_ore":1,"minecraft:tnt":4,"minecraft:grass":306,"minecraft:oak_log":24,"minecraft:coal_ore":33,"minecraft:sand":5,"minecraft:gravel":17,"minecraft:dirt":56,"minecraft:smooth_basalt":2,"minecraft:oak_leaves":61,"minecraft:deepslate":17,"minecraft:fern":26},"minecraft:broken":{"minecraft:stone_pickaxe":3,"minecraft:shield":1,"minecraft:stone_axe":1},"minecraft:custom":{"minecraft:interact_with_smithing_table":1,"minecraft:mob_kills":44,"minecraft:interact_with_crafting_table":33,"minecraft:open_barrel":5,"minecraft:interact_with_campfire":36,"minecraft:leave_game":1,"minecraft:time_since_death":22035,"minecraft:climb_one_cm":7373,"minecraft:sprint_one_cm":947049,"minecraft:walk_one_cm":788725,"minecraft:damage_blocked_by_shield":2791,"minecraft:drop":167,"minecraft:damage_dealt_absorbed":80,"minecraft:talked_to_villager":15,"minecraft:play_time":446748,"minecraft:sneak_time":7359,"minecraft:deaths":6,"minecraft:walk_under_water_one_cm":78103,"minecraft:boat_one_cm":103185,"minecraft:jump":7380,"minecraft:walk_on_water_one_cm":48033,"minecraft:total_world_time":446748,"minecraft:interact_with_furnace":19,"tombstone:raider_killed":2,"minecraft:sleep_in_bed":7,"minecraft:time_since_rest":21456,"minecraft:damage_taken":3756,"minecraft:damage_dealt":8087,"minecraft:swim_one_cm":119611,"minecraft:fly_one_cm":2293229,"minecraft:open_chest":68,"minecraft:crouch_one_cm":30566,"tombstone:undead_killed":23,"tombstone:villager_killed":1,"minecraft:interact_with_smoker":1,"minecraft:fall_one_cm":261486,"minecraft:horse_one_cm":22},"minecraft:crafted":{"minecraft:oak_planks":76,"minecraft:fishing_rod":1,"minecraft:furnace":1,"minecraft:bone_meal":51,"minecraft:cooked_mutton":7,"minecraft:flint_and_steel":1,"minecraft:stone_pickaxe":4,"minecraft:chest":2,"minecraft:stone_hoe":1,"minecraft:wheat":54,"minecraft:oak_slab":6,"minecraft:crafting_table":3,"minecraft:wooden_pickaxe":1,"minecraft:copper_ingot":43,"minecraft:campfire":3,"minecraft:stone_axe":3,"minecraft:bread":18,"minecraft:air":0,"minecraft:jungle_planks":64,"cobblemon:poke_ball":60,"minecraft:shield":1,"minecraft:stick":32,"minecraft:iron_ingot":8,"minecraft:iron_pickaxe":1,"minecraft:gold_ingot":2,"minecraft:acacia_planks":204,"minecraft:torch":52},"minecraft:dropped":{"minecraft:enchanted_book":2,"minecraft:water_bucket":1,"minecraft:bread":9,"minecraft:oak_slab":4,"minecraft:moss_block":1,"minecraft:porkchop":2,"minecraft:wheat_seeds":16,"minecraft:crafting_table":1,"cobblemon:thunder_stone":1,"minecraft:crossbow":1,"minecraft:feather":6,"minecraft:cobblestone":1,"cobblemon:potion":1,"cobblemon:persim_berry":2,"minecraft:granite":64,"minecraft:acacia_log":4,"cobblemon:oran_berry":4,"minecraft:stick":2,"minecraft:flint":3,"minecraft:dirt":16,"minecraft:pearlescent_froglight":1,"cobblemon:poke_ball":17,"minecraft:mutton":1,"cobblemon:sharp_beak":2,"cobblemon:pep_up_flower":2,"tombstone:grave_dust":6,"minecraft:potion":1,"minecraft:gold_nugget":2,"minecraft:axolotl_bucket":1,"minecraft:sand":12,"minecraft:cactus":3,"simpletms:tr_retaliate":2,"minecraft:string":7,"minecraft:fishing_rod":2,"minecraft:white_wool":19,"minecraft:acacia_planks":57,"minecraft:beetroot_soup":1,"minecraft:bone":1,"minecraft:gravel":2,"minecraft:stone_axe":1,"minecraft:moss_carpet":1,"minecraft:sweet_berries":1,"minecraft:cobbled_deepslate":18,"cobblemon:big_root":1,"simpletms:tr_psychup":1,"tombstone:gift":1,"minecraft:chicken":2,"minecraft:white_carpet":2,"minecraft:rotten_flesh":18,"minecraft:salmon":6,"minecraft:hay_block":4,"minecraft:gunpowder":2,"minecraft:charcoal":2,"simpletms:tr_leer":2,"minecraft:azalea":2,"minecraft:oak_sapling":3,"minecraft:acacia_sapling":6,"minecraft:arrow":8,"minecraft:bow":2,"minecraft:wooden_pickaxe":1,"minecraft:stone_pickaxe":2,"minecraft:egg":1},"minecraft:used":{"minecraft:iron_shovel":99,"minecraft:flint_and_steel":3,"minecraft:spruce_planks":1,"minecraft:chest":2,"minecraft:shield":46,"minecraft:stone_hoe":50,"minecraft:green_terracotta":1,"minecraft:torch":46,"minecraft:dirt":101,"minecraft:mutton":4,"minecraft:white_carpet":1,"minecraft:jungle_planks":64,"minecraft:carrot":10,"minecraft:granite":30,"minecraft:red_wool":1,"minecraft:smooth_basalt":1,"cobblemon:pc":3,"minecraft:red_carpet":3,"minecraft:beef":3,"minecraft:furnace":2,"tombstone:gift":3,"minecraft:potato":70,"minecraft:acacia_planks":147,"minecraft:cobbled_deepslate":14,"minecraft:cooked_mutton":7,"minecraft:water_bucket":45,"minecraft:baked_potato":31,"minecraft:stone_pickaxe":513,"minecraft:oak_planks":47,"minecraft:wooden_pickaxe":7,"minecraft:sandstone":1,"minecraft:oak_slab":2,"minecraft:crafting_table":7,"minecraft:red_bed":1,"minecraft:crossbow":12,"minecraft:campfire":3,"minecraft:bread":36,"minecraft:melon_slice":6,"minecraft:iron_pickaxe":15,"minecraft:stone_axe":220,"minecraft:cobblestone":103,"cobblemon:red_apricorn_seed":16,"minecraft:porkchop":3,"minecraft:bucket":45,"minecraft:bone_meal":51,"minecraft:experience_bottle":1},"minecraft:picked_up":{"minecraft:fishing_rod":1,"cobblemon:remedy":2,"minecraft:charcoal":4,"minecraft:crafting_table":5,"minecraft:chicken":17,"cobblemon:red_apricorn":98,"minecraft:enchanted_book":2,"cobblemon:sharp_beak":2,"simpletms:tr_retaliate":1,"minecraft:string":3,"minecraft:red_bed":1,"minecraft:moss_carpet":1,"minecraft:raw_copper":43,"minecraft:beetroot_soup":1,"minecraft:white_carpet":3,"minecraft:cobbled_deepslate":32,"minecraft:spruce_planks":2,"minecraft:beef":3,"cobblemon:oran_berry":16,"minecraft:rose_bush":1,"minecraft:azalea":2,"cobblemon:big_root":1,"cobblemon:pep_up_flower":2,"minecraft:melon_slice":6,"minecraft:egg":2,"minecraft:furnace":1,"minecraft:stick":16,"minecraft:raw_iron":30,"cobblemon:pc":2,"minecraft:torch":4,"minecraft:acacia_log":55,"minecraft:spruce_stairs":1,"minecraft:porkchop":8,"tombstone:grave_dust":7,"minecraft:green_terracotta":1,"minecraft:cactus":3,"minecraft:tnt":4,"minecraft:rotten_flesh":18,"minecraft:arrow":17,"minecraft:hay_block":10,"minecraft:totem_of_undying":1,"minecraft:glow_berries":1,"minecraft:mutton":12,"minecraft:white_wool":21,"minecraft:cobblestone":313,"minecraft:feather":6,"minecraft:air":0,"minecraft:jungle_log":16,"minecraft:water_bucket":1,"minecraft:salmon":6,"cobblemon:pinap_berry":5,"minecraft:potato":46,"minecraft:flint":6,"minecraft:oak_log":24,"cobblemon:bluk_berry":6,"minecraft:gunpowder":2,"minecraft:dirt":117,"cobblemon:eviolite":1,"minecraft:bone":24,"minecraft:red_carpet":3,"minecraft:pearlescent_froglight":1,"minecraft:apple":2,"minecraft:bow":2,"minecraft:wheat_seeds":62,"cobblemon:potion":1,"minecraft:stone_pickaxe":1,"minecraft:iron_ingot":11,"cobblemon:thunder_stone":2,"minecraft:moss_block":1,"minecraft:oak_planks":27,"minecraft:acacia_sapling":6,"cobblemon:chilan_berry":4,"cobblemon:azure_ball":1,"cobblemon:red_apricorn_seed":16,"minecraft:smooth_basalt":1,"minecraft:sweet_berries":1,"minecraft:red_wool":1,"minecraft:gravel":20,"minecraft:sand":12,"cobblemon:persim_berry":2,"simpletms:tr_psychup":1,"minecraft:diamond":1,"cobblemon:poke_ball":26,"simpletms:tr_leer":1,"minecraft:granite":99,"minecraft:baked_potato":31,"minecraft:oak_sapling":7,"minecraft:coal":42}},"DataVersion":3465}