{"stats":{"minecraft:used":{"minecraft:cooked_mutton":2,"minecraft:stone_pickaxe":335,"minecraft:baked_potato":2,"minecraft:wooden_pickaxe":60,"minecraft:gravel":4,"minecraft:cooked_chicken":1,"minecraft:torch":27,"minecraft:stone_axe":31,"minecraft:cobblestone":31,"minecraft:crafting_table":5,"minecraft:furnace":3},"minecraft:picked_up":{"minecraft:stick":1,"minecraft:raw_iron":15,"minecraft:crafting_table":4,"minecraft:chicken":1,"minecraft:leather":8,"minecraft:brown_wool":2,"minecraft:torch":11,"sophisticatedbackpacks:backpack":1,"minecraft:gravel":4,"minecraft:oak_log":11,"minecraft:diorite":1,"minecraft:dirt":6,"minecraft:string":1,"minecraft:raw_copper":49,"minecraft:cooked_mutton":1,"minecraft:wheat_seeds":2,"minecraft:beef":7,"minecraft:granite":5,"minecraft:iron_ingot":1,"minecraft:mutton":16,"minecraft:coal":192,"minecraft:egg":2,"minecraft:white_wool":10,"minecraft:cobblestone":212,"minecraft:furnace":2},"minecraft:mined":{"minecraft:furnace":2,"minecraft:iron_ore":15,"minecraft:crafting_table":4,"minecraft:grass":10,"minecraft:granite":5,"minecraft:oak_log":11,"minecraft:grass_block":1,"minecraft:coal_ore":141,"minecraft:gravel":4,"minecraft:dirt":6,"minecraft:copper_ore":14,"minecraft:cobblestone":1,"minecraft:stone":213,"minecraft:diorite":1,"minecraft:oak_leaves":1,"minecraft:wall_torch":9},"minecraft:crafted":{"minecraft:cooked_beef":7,"minecraft:oak_planks":44,"minecraft:stick":28,"minecraft:baked_potato":4,"minecraft:cooked_chicken":1,"minecraft:torch":24,"minecraft:air":0,"minecraft:cooked_mutton":11},"minecraft:custom":{"minecraft:time_since_rest":38577,"minecraft:interact_with_furnace":12,"minecraft:sprint_one_cm":45117,"minecraft:damage_taken":145,"minecraft:walk_one_cm":65943,"minecraft:mob_kills":20,"minecraft:drop":6,"minecraft:damage_dealt":1970,"minecraft:swim_one_cm":19893,"minecraft:interact_with_crafting_table":11,"minecraft:fly_one_cm":89446,"minecraft:open_chest":2,"minecraft:play_time":38577,"minecraft:crouch_one_cm":153,"tombstone:undead_killed":2,"minecraft:sneak_time":90,"minecraft:walk_under_water_one_cm":5002,"minecraft:jump":576,"minecraft:leave_game":1,"minecraft:time_since_death":38577,"minecraft:walk_on_water_one_cm":10033,"minecraft:total_world_time":38577,"minecraft:fall_one_cm":18039},"minecraft:killed":{"minecraft:sheep":12,"minecraft:zombie":2,"minecraft:chicken":1,"minecraft:spider":1,"minecraft:cow":4},"minecraft:broken":{"minecraft:stone_pickaxe":2,"minecraft:wooden_pickaxe":1},"minecraft:dropped":{"minecraft:bundle":1,"minecraft:leather":8,"minecraft:name_tag":1,"minecraft:string":11,"minecraft:egg":2}},"DataVersion":3465}