{"stats":{"minecraft:crafted":{"minecraft:oak_planks":44,"minecraft:stick":28,"minecraft:cooked_chicken":1,"minecraft:torch":24,"minecraft:cooked_mutton":11,"minecraft:air":0},"minecraft:custom":{"minecraft:time_since_rest":32758,"minecraft:interact_with_furnace":6,"minecraft:sprint_one_cm":29679,"minecraft:damage_taken":100,"minecraft:walk_one_cm":54155,"minecraft:mob_kills":11,"minecraft:damage_dealt":930,"minecraft:swim_one_cm":14449,"minecraft:interact_with_crafting_table":10,"minecraft:fly_one_cm":49805,"minecraft:open_chest":2,"minecraft:crouch_one_cm":153,"minecraft:play_time":32758,"minecraft:sneak_time":61,"minecraft:walk_under_water_one_cm":4933,"minecraft:jump":406,"minecraft:leave_game":1,"minecraft:walk_on_water_one_cm":9937,"minecraft:time_since_death":32758,"minecraft:total_world_time":32758,"minecraft:fall_one_cm":11301},"minecraft:picked_up":{"minecraft:crafting_table":3,"minecraft:raw_iron":15,"minecraft:chicken":1,"minecraft:brown_wool":2,"minecraft:torch":10,"minecraft:gravel":4,"minecraft:oak_log":11,"minecraft:diorite":1,"minecraft:string":1,"minecraft:dirt":6,"minecraft:raw_copper":49,"minecraft:granite":5,"minecraft:iron_ingot":1,"minecraft:mutton":12,"minecraft:coal":161,"minecraft:white_wool":7,"minecraft:cobblestone":212,"minecraft:furnace":1},"minecraft:broken":{"minecraft:stone_pickaxe":2,"minecraft:wooden_pickaxe":1},"minecraft:used":{"minecraft:cooked_mutton":2,"minecraft:stone_pickaxe":333,"minecraft:wooden_pickaxe":60,"minecraft:cooked_chicken":1,"minecraft:torch":27,"minecraft:stone_axe":18,"minecraft:cobblestone":31,"minecraft:crafting_table":4,"minecraft:furnace":2},"minecraft:mined":{"minecraft:furnace":1,"minecraft:iron_ore":15,"minecraft:crafting_table":3,"minecraft:granite":5,"minecraft:oak_log":11,"minecraft:grass_block":1,"minecraft:coal_ore":141,"minecraft:gravel":4,"minecraft:dirt":6,"minecraft:copper_ore":14,"minecraft:cobblestone":1,"minecraft:stone":213,"minecraft:diorite":1,"minecraft:wall_torch":8,"minecraft:oak_leaves":1},"minecraft:killed":{"minecraft:sheep":9,"minecraft:chicken":1,"minecraft:spider":1}},"DataVersion":3465}