{"stats":{"minecraft:used":{"minecraft:cooked_mutton":9,"minecraft:water_bucket":3,"minecraft:stone_pickaxe":408,"minecraft:baked_potato":4,"minecraft:chest":3,"minecraft:wooden_pickaxe":60,"minecraft:fletching_table":1,"minecraft:cooked_chicken":1,"minecraft:torch":57,"minecraft:crafting_table":7,"minecraft:granite":3,"minecraft:gravel":5,"minecraft:stone_axe":180,"minecraft:cobblestone":68,"minecraft:furnace":3,"minecraft:bucket":4,"tombstone:gift":3,"minecraft:cooked_beef":9,"minecraft:purple_carpet":1},"minecraft:picked_up":{"minecraft:crafting_table":6,"minecraft:chicken":1,"minecraft:andesite":1,"minecraft:brown_wool":2,"minecraft:leather":22,"minecraft:potato":1,"minecraft:oak_log":11,"minecraft:gunpowder":7,"minecraft:lapis_lazuli":16,"minecraft:string":10,"minecraft:dirt":9,"tombstone:gift":1,"minecraft:raw_copper":49,"minecraft:purple_carpet":2,"minecraft:cooked_mutton":1,"minecraft:bone":16,"minecraft:bow":2,"minecraft:wheat_seeds":6,"minecraft:iron_ingot":1,"minecraft:beef":21,"minecraft:fletching_table":1,"minecraft:chest":4,"minecraft:furnace":2,"minecraft:egg":7,"minecraft:stick":1,"minecraft:raw_iron":46,"minecraft:torch":13,"minecraft:gravel":5,"sophisticatedbackpacks:backpack":3,"tombstone:grave_dust":8,"minecraft:diorite":1,"minecraft:white_bed":1,"minecraft:spider_eye":5,"minecraft:bundle":1,"minecraft:arrow":14,"minecraft:rotten_flesh":19,"minecraft:stone_axe":1,"minecraft:granite":8,"minecraft:coal":248,"minecraft:mutton":25,"minecraft:cobblestone":224,"minecraft:white_wool":17},"minecraft:mined":{"minecraft:crafting_table":6,"minecraft:granite":8,"minecraft:grass_block":1,"minecraft:chest":4,"minecraft:tall_grass":10,"minecraft:copper_ore":14,"minecraft:cobblestone":2,"minecraft:deepslate_coal_ore":1,"minecraft:lapis_ore":3,"minecraft:diorite":1,"minecraft:wall_torch":9,"minecraft:furnace":2,"minecraft:iron_ore":42,"minecraft:andesite":1,"minecraft:fletching_table":1,"minecraft:grass":13,"minecraft:coal_ore":164,"minecraft:oak_log":11,"minecraft:deepslate_iron_ore":6,"minecraft:gravel":5,"minecraft:dirt":8,"minecraft:stone":219,"minecraft:oak_leaves":1},"minecraft:crafted":{"minecraft:cooked_beef":9,"minecraft:oak_planks":44,"minecraft:cooked_chicken":1,"minecraft:baked_potato":4,"minecraft:stone_axe":1,"minecraft:cooked_mutton":11,"minecraft:air":0,"minecraft:stick":32,"minecraft:iron_ingot":14,"minecraft:torch":52},"minecraft:custom":{"minecraft:interact_with_furnace":20,"minecraft:mob_kills":89,"minecraft:interact_with_crafting_table":16,"minecraft:leave_game":1,"minecraft:time_since_death":74577,"minecraft:climb_one_cm":703,"minecraft:time_since_rest":74577,"minecraft:sprint_one_cm":152559,"minecraft:damage_taken":1389,"minecraft:walk_one_cm":197997,"minecraft:drop":45,"minecraft:damage_dealt":14035,"minecraft:swim_one_cm":34457,"minecraft:fly_one_cm":285868,"minecraft:open_chest":17,"minecraft:crouch_one_cm":371,"minecraft:play_time":74577,"tombstone:undead_killed":30,"minecraft:sneak_time":170,"minecraft:walk_under_water_one_cm":9827,"minecraft:jump":1656,"minecraft:walk_on_water_one_cm":14087,"minecraft:total_world_time":74577,"minecraft:fall_one_cm":51337},"minecraft:killed":{"minecraft:spider":11,"minecraft:creeper":8,"minecraft:horse":10,"minecraft:skeleton":15,"minecraft:sheep":19,"minecraft:zombie":15,"minecraft:chicken":1,"minecraft:cow":10},"minecraft:broken":{"minecraft:stone_pickaxe":2,"minecraft:wooden_pickaxe":1},"minecraft:dropped":{"minecraft:stone_axe":3,"minecraft:wheat_seeds":4,"minecraft:cooked_beef":5,"minecraft:cobblestone":1,"minecraft:clay_ball":3,"minecraft:leather":8,"sophisticatedbackpacks:backpack":2,"minecraft:granite":5,"minecraft:name_tag":1,"minecraft:cooked_mutton":3,"minecraft:white_bed":1,"minecraft:coal":61,"minecraft:dirt":9,"minecraft:potato":1,"minecraft:diorite":1,"minecraft:bundle":3,"minecraft:andesite":1,"minecraft:brown_wool":2,"minecraft:spider_eye":1,"minecraft:stone_pickaxe":1,"minecraft:purple_wool":1,"minecraft:string":11,"minecraft:bucket":1,"minecraft:purple_carpet":1,"minecraft:egg":2}},"DataVersion":3465}