{"stats":{"minecraft:used":{"minecraft:stone_shovel":48,"minecraft:chest":5,"minecraft:cooked_chicken":1,"minecraft:torch":59,"minecraft:dirt":1,"minecraft:granite":3,"minecraft:oak_stairs":1,"minecraft:furnace":5,"tombstone:gift":3,"minecraft:cooked_beef":13,"minecraft:cooked_mutton":9,"minecraft:water_bucket":9,"minecraft:stone_pickaxe":410,"minecraft:baked_potato":4,"minecraft:wooden_pickaxe":60,"minecraft:fletching_table":8,"minecraft:crafting_table":12,"minecraft:white_bed":3,"minecraft:oak_log":8,"waystones:waystone":1,"minecraft:bread":5,"minecraft:gravel":5,"minecraft:stone_axe":581,"minecraft:cobblestone":78,"minecraft:bucket":10,"minecraft:purple_carpet":1},"minecraft:picked_up":{"minecraft:crafting_table":9,"minecraft:chicken":1,"minecraft:clay_ball":179,"minecraft:oak_stairs":2,"minecraft:string":10,"minecraft:raw_copper":49,"minecraft:beef":21,"minecraft:chest":4,"minecraft:birch_sapling":2,"minecraft:furnace":2,"minecraft:egg":9,"minecraft:stick":17,"minecraft:raw_iron":46,"minecraft:torch":13,"sophisticatedbackpacks:backpack":3,"tombstone:grave_dust":9,"minecraft:diorite":1,"minecraft:arrow":14,"minecraft:rotten_flesh":20,"minecraft:hay_block":1,"minecraft:mutton":25,"minecraft:white_wool":17,"minecraft:cobblestone":225,"minecraft:birch_log":23,"minecraft:andesite":1,"minecraft:brown_wool":2,"minecraft:leather":22,"minecraft:potato":1,"minecraft:oak_log":256,"minecraft:gunpowder":7,"minecraft:lapis_lazuli":16,"minecraft:dirt":12,"tombstone:gift":1,"minecraft:purple_carpet":2,"minecraft:cooked_mutton":1,"minecraft:bone":16,"uniquedungeons:crystal_arrow_item":1,"minecraft:apple":1,"minecraft:bow":2,"minecraft:wheat_seeds":7,"minecraft:iron_ingot":1,"minecraft:fletching_table":8,"minecraft:oak_planks":1,"minecraft:gravel":5,"minecraft:white_bed":2,"minecraft:spider_eye":5,"minecraft:bundle":1,"minecraft:stone_axe":1,"waystones:waystone":1,"minecraft:granite":8,"minecraft:oak_sapling":28,"minecraft:coal":248},"minecraft:mined":{"minecraft:white_bed":1,"minecraft:granite":8,"minecraft:grass_block":3,"minecraft:furnace":2,"minecraft:iron_ore":42,"minecraft:andesite":1,"minecraft:fletching_table":7,"minecraft:deepslate_iron_ore":6,"minecraft:oak_stairs":1,"minecraft:stone":219,"minecraft:clay":45,"minecraft:crafting_table":9,"minecraft:chest":4,"minecraft:tall_grass":10,"minecraft:copper_ore":14,"minecraft:cobblestone":3,"minecraft:deepslate_coal_ore":1,"minecraft:lapis_ore":3,"minecraft:oak_planks":1,"minecraft:diorite":1,"minecraft:wall_torch":9,"minecraft:birch_log":24,"minecraft:wheat":1,"minecraft:birch_leaves":5,"minecraft:grass":21,"minecraft:oak_log":267,"minecraft:coal_ore":164,"minecraft:gravel":5,"minecraft:dirt":10,"minecraft:oak_leaves":98},"minecraft:crafted":{"minecraft:oak_planks":732,"minecraft:cooked_chicken":1,"minecraft:cooked_mutton":11,"minecraft:bow":5,"minecraft:chest":2,"minecraft:chiseled_stone_bricks":32,"minecraft:cooked_beef":19,"minecraft:crossbow":5,"minecraft:arrow":160,"minecraft:emerald":58,"minecraft:crafting_table":1,"minecraft:baked_potato":4,"minecraft:birch_planks":20,"minecraft:stone_axe":2,"minecraft:air":0,"minecraft:stick":1384,"minecraft:iron_ingot":19,"minecraft:white_bed":2,"minecraft:torch":52},"minecraft:custom":{"minecraft:mob_kills":89,"minecraft:interact_with_crafting_table":30,"minecraft:bell_ring":22,"minecraft:leave_game":2,"minecraft:time_since_death":121767,"minecraft:climb_one_cm":2374,"minecraft:sprint_one_cm":266119,"minecraft:walk_one_cm":280143,"minecraft:drop":71,"minecraft:talked_to_villager":57,"minecraft:play_time":121767,"minecraft:sneak_time":570,"minecraft:walk_under_water_one_cm":17820,"minecraft:jump":2938,"minecraft:walk_on_water_one_cm":18312,"minecraft:total_world_time":121767,"minecraft:interact_with_furnace":28,"minecraft:traded_with_villager":86,"minecraft:sleep_in_bed":3,"minecraft:time_since_rest":8351,"minecraft:waystone_activated":3,"minecraft:damage_taken":1754,"minecraft:damage_dealt":14035,"minecraft:fly_one_cm":607171,"minecraft:swim_one_cm":64825,"minecraft:open_chest":26,"minecraft:crouch_one_cm":1088,"tombstone:undead_killed":30,"minecraft:fall_one_cm":96646},"minecraft:killed":{"minecraft:spider":11,"minecraft:skeleton":15,"minecraft:horse":10,"minecraft:chicken":1,"minecraft:creeper":8,"minecraft:sheep":19,"minecraft:zombie":15,"minecraft:cow":10},"minecraft:broken":{"minecraft:wooden_pickaxe":1,"minecraft:stone_pickaxe":2,"minecraft:stone_axe":3},"minecraft:dropped":{"minecraft:wheat_seeds":5,"minecraft:cooked_beef":5,"minecraft:crossbow":5,"minecraft:cobblestone":1,"minecraft:leather":8,"minecraft:granite":5,"minecraft:coal":61,"minecraft:dirt":11,"minecraft:diorite":1,"minecraft:mutton":9,"minecraft:brown_wool":2,"tombstone:grave_dust":2,"minecraft:oak_stairs":1,"minecraft:purple_wool":1,"minecraft:string":11,"minecraft:bucket":1,"minecraft:stone_axe":4,"minecraft:birch_sapling":1,"minecraft:rotten_flesh":2,"minecraft:clay_ball":3,"sophisticatedbackpacks:backpack":2,"minecraft:name_tag":1,"minecraft:cooked_mutton":3,"minecraft:white_bed":1,"minecraft:chiseled_stone_bricks":32,"minecraft:potato":1,"minecraft:hay_block":1,"minecraft:bundle":3,"minecraft:andesite":1,"minecraft:oak_sapling":1,"minecraft:spider_eye":1,"minecraft:bow":5,"minecraft:arrow":128,"minecraft:stone_pickaxe":1,"minecraft:beef":10,"minecraft:purple_carpet":1,"minecraft:egg":2}},"DataVersion":3465}