{"stats":{"minecraft:used":{"minecraft:cooked_mutton":8,"minecraft:stone_pickaxe":347,"minecraft:baked_potato":2,"minecraft:chest":3,"minecraft:wooden_pickaxe":60,"minecraft:fletching_table":1,"minecraft:cooked_chicken":1,"minecraft:torch":34,"minecraft:crafting_table":6,"minecraft:gravel":4,"minecraft:stone_axe":87,"minecraft:cobblestone":33,"minecraft:furnace":3,"tombstone:gift":2},"minecraft:picked_up":{"minecraft:crafting_table":5,"minecraft:chicken":1,"minecraft:brown_wool":2,"minecraft:leather":8,"minecraft:potato":1,"minecraft:oak_log":11,"minecraft:gunpowder":3,"minecraft:string":5,"minecraft:dirt":6,"minecraft:raw_copper":49,"minecraft:cooked_mutton":1,"minecraft:bone":8,"minecraft:bow":1,"minecraft:wheat_seeds":2,"minecraft:iron_ingot":1,"minecraft:beef":11,"minecraft:fletching_table":1,"minecraft:chest":4,"minecraft:furnace":2,"minecraft:egg":7,"minecraft:stick":1,"minecraft:raw_iron":26,"minecraft:torch":11,"minecraft:gravel":4,"sophisticatedbackpacks:backpack":1,"tombstone:grave_dust":6,"minecraft:diorite":1,"minecraft:spider_eye":2,"minecraft:arrow":8,"minecraft:rotten_flesh":7,"minecraft:stone_axe":1,"minecraft:granite":5,"minecraft:coal":224,"minecraft:mutton":16,"minecraft:cobblestone":213,"minecraft:white_wool":10},"minecraft:mined":{"minecraft:crafting_table":5,"minecraft:granite":5,"minecraft:grass_block":1,"minecraft:chest":4,"minecraft:tall_grass":2,"minecraft:copper_ore":14,"minecraft:cobblestone":1,"minecraft:diorite":1,"minecraft:wall_torch":9,"minecraft:furnace":2,"minecraft:iron_ore":26,"minecraft:fletching_table":1,"minecraft:grass":10,"minecraft:coal_ore":141,"minecraft:oak_log":11,"minecraft:gravel":4,"minecraft:dirt":6,"minecraft:stone":214,"minecraft:oak_leaves":1},"minecraft:crafted":{"minecraft:cooked_beef":9,"minecraft:oak_planks":44,"minecraft:cooked_chicken":1,"minecraft:baked_potato":4,"minecraft:cooked_mutton":11,"minecraft:air":0,"minecraft:stick":28,"minecraft:iron_ingot":14,"minecraft:torch":52},"minecraft:custom":{"minecraft:interact_with_furnace":20,"minecraft:mob_kills":41,"minecraft:interact_with_crafting_table":15,"minecraft:leave_game":1,"minecraft:time_since_death":50577,"minecraft:time_since_rest":50577,"minecraft:sprint_one_cm":91882,"minecraft:damage_taken":591,"minecraft:walk_one_cm":109252,"minecraft:drop":16,"minecraft:damage_dealt":6166,"minecraft:swim_one_cm":19893,"minecraft:fly_one_cm":172408,"minecraft:open_chest":11,"minecraft:crouch_one_cm":153,"minecraft:play_time":50577,"tombstone:undead_killed":13,"minecraft:sneak_time":106,"minecraft:walk_under_water_one_cm":5002,"minecraft:jump":937,"minecraft:walk_on_water_one_cm":10178,"minecraft:total_world_time":50577,"minecraft:fall_one_cm":29328},"minecraft:killed":{"minecraft:spider":6,"minecraft:creeper":3,"minecraft:skeleton":7,"minecraft:sheep":12,"minecraft:zombie":6,"minecraft:chicken":1,"minecraft:cow":6},"minecraft:broken":{"minecraft:stone_pickaxe":2,"minecraft:wooden_pickaxe":1},"minecraft:dropped":{"minecraft:stone_axe":2,"minecraft:cobblestone":1,"minecraft:leather":8,"minecraft:granite":5,"minecraft:name_tag":1,"minecraft:coal":61,"minecraft:dirt":6,"minecraft:diorite":1,"minecraft:bundle":1,"minecraft:spider_eye":1,"minecraft:stone_pickaxe":1,"minecraft:string":11,"minecraft:egg":2}},"DataVersion":3465}