{"stats":{"minecraft:killed":{"rctmod:trainer":1,"minecraft:spider":1,"minecraft:skeleton":7,"minecraft:drowned":1,"cobblemon:pokemon":3,"minecraft:salmon":7,"minecraft:creeper":1,"minecraft:sheep":3,"minecraft:zombie":12,"minecraft:villager":1},"minecraft:killed_by":{"minecraft:pufferfish":1,"minecraft:zombie":2},"minecraft:mined":{"minecraft:red_carpet":4,"minecraft:granite":97,"minecraft:acacia_log":2,"minecraft:grass_block":28,"cobblemon:red_apricorn_sapling":1,"minecraft:moss_block":2,"minecraft:hay_block":6,"minecraft:furnace":1,"minecraft:iron_ore":12,"minecraft:fire":2,"minecraft:green_terracotta":1,"minecraft:moss_carpet":2,"minecraft:potatoes":12,"minecraft:deepslate_iron_ore":12,"minecraft:dirt_path":1,"minecraft:azalea":2,"minecraft:stone":286,"minecraft:tripwire":1,"minecraft:acacia_leaves":52,"minecraft:red_wool":1,"minecraft:red_bed":1,"minecraft:crafting_table":5,"minecraft:torch":1,"cobblemon:apricorn_leaves":1,"minecraft:melon":1,"minecraft:dead_bush":4,"minecraft:rose_bush":1,"minecraft:campfire":1,"minecraft:tall_grass":198,"minecraft:copper_ore":11,"minecraft:cobblestone":5,"minecraft:deepslate_coal_ore":1,"cobblemon:chilan_berry":1,"minecraft:oak_planks":1,"minecraft:wall_torch":2,"minecraft:white_carpet":2,"minecraft:tnt":4,"minecraft:grass":294,"minecraft:oak_log":24,"minecraft:coal_ore":33,"minecraft:sand":5,"minecraft:gravel":17,"minecraft:dirt":11,"minecraft:oak_leaves":61,"minecraft:deepslate":15,"minecraft:fern":25},"minecraft:broken":{"minecraft:stone_pickaxe":3,"minecraft:stone_axe":1},"minecraft:custom":{"minecraft:interact_with_smithing_table":1,"minecraft:mob_kills":38,"minecraft:interact_with_crafting_table":29,"minecraft:open_barrel":5,"minecraft:interact_with_campfire":36,"minecraft:leave_game":1,"minecraft:time_since_death":26924,"minecraft:climb_one_cm":4024,"minecraft:sprint_one_cm":541192,"minecraft:walk_one_cm":601741,"minecraft:damage_blocked_by_shield":2191,"minecraft:drop":119,"minecraft:damage_dealt_absorbed":80,"minecraft:talked_to_villager":12,"minecraft:play_time":260748,"minecraft:sneak_time":419,"minecraft:deaths":3,"minecraft:walk_under_water_one_cm":18123,"minecraft:jump":4128,"minecraft:walk_on_water_one_cm":18019,"minecraft:total_world_time":260748,"minecraft:interact_with_furnace":18,"minecraft:sleep_in_bed":5,"minecraft:time_since_rest":26586,"minecraft:damage_taken":2140,"minecraft:damage_dealt":6278,"minecraft:swim_one_cm":45938,"minecraft:fly_one_cm":912148,"minecraft:open_chest":60,"minecraft:crouch_one_cm":611,"tombstone:undead_killed":20,"tombstone:villager_killed":1,"minecraft:interact_with_smoker":1,"minecraft:fall_one_cm":136826,"minecraft:horse_one_cm":22},"minecraft:crafted":{"minecraft:oak_planks":76,"minecraft:fishing_rod":1,"minecraft:furnace":1,"minecraft:bone_meal":51,"minecraft:cooked_mutton":5,"minecraft:flint_and_steel":1,"minecraft:stone_pickaxe":4,"minecraft:chest":2,"minecraft:stone_hoe":1,"minecraft:wheat":54,"minecraft:oak_slab":6,"minecraft:crafting_table":3,"minecraft:wooden_pickaxe":1,"minecraft:copper_ingot":43,"minecraft:campfire":3,"minecraft:stone_axe":2,"minecraft:bread":18,"minecraft:air":0,"cobblemon:poke_ball":28,"minecraft:shield":1,"minecraft:stick":32,"minecraft:iron_ingot":8,"minecraft:gold_ingot":2,"minecraft:torch":52},"minecraft:dropped":{"minecraft:enchanted_book":2,"minecraft:water_bucket":1,"minecraft:bread":9,"minecraft:oak_slab":4,"minecraft:moss_block":1,"minecraft:porkchop":2,"minecraft:wheat_seeds":12,"minecraft:crafting_table":1,"minecraft:crossbow":1,"minecraft:feather":1,"minecraft:cobblestone":1,"cobblemon:potion":1,"cobblemon:persim_berry":2,"minecraft:granite":64,"minecraft:acacia_log":3,"cobblemon:oran_berry":3,"minecraft:stick":2,"minecraft:flint":3,"minecraft:dirt":16,"cobblemon:poke_ball":17,"cobblemon:pep_up_flower":2,"tombstone:grave_dust":6,"minecraft:gold_nugget":2,"minecraft:axolotl_bucket":1,"minecraft:sand":12,"simpletms:tr_retaliate":1,"minecraft:string":1,"minecraft:fishing_rod":2,"minecraft:white_wool":8,"minecraft:beetroot_soup":1,"minecraft:bone":1,"minecraft:moss_carpet":1,"minecraft:sweet_berries":1,"minecraft:cobbled_deepslate":10,"cobblemon:big_root":1,"simpletms:tr_psychup":1,"minecraft:chicken":2,"minecraft:white_carpet":2,"minecraft:rotten_flesh":12,"minecraft:salmon":6,"minecraft:gunpowder":2,"minecraft:charcoal":2,"minecraft:azalea":2,"minecraft:oak_sapling":3,"minecraft:acacia_sapling":3,"minecraft:arrow":8,"minecraft:bow":2,"minecraft:wooden_pickaxe":1,"minecraft:stone_pickaxe":1},"minecraft:used":{"minecraft:iron_shovel":54,"minecraft:flint_and_steel":2,"minecraft:chest":2,"minecraft:shield":37,"minecraft:stone_hoe":49,"minecraft:green_terracotta":1,"minecraft:torch":46,"minecraft:dirt":2,"minecraft:white_carpet":1,"minecraft:carrot":10,"minecraft:red_wool":1,"cobblemon:pc":1,"minecraft:red_carpet":3,"minecraft:furnace":2,"tombstone:gift":3,"minecraft:potato":68,"minecraft:cobbled_deepslate":14,"minecraft:cooked_mutton":5,"minecraft:water_bucket":14,"minecraft:baked_potato":2,"minecraft:stone_pickaxe":486,"minecraft:oak_planks":1,"minecraft:wooden_pickaxe":7,"minecraft:sandstone":1,"minecraft:oak_slab":2,"minecraft:crafting_table":7,"minecraft:red_bed":1,"minecraft:crossbow":12,"minecraft:campfire":3,"minecraft:bread":36,"minecraft:melon_slice":6,"minecraft:stone_axe":160,"minecraft:cobblestone":29,"cobblemon:red_apricorn_seed":16,"minecraft:porkchop":1,"minecraft:bucket":14,"minecraft:bone_meal":51,"minecraft:experience_bottle":1},"minecraft:picked_up":{"minecraft:fishing_rod":1,"cobblemon:remedy":2,"minecraft:charcoal":4,"minecraft:crafting_table":5,"minecraft:chicken":5,"cobblemon:red_apricorn":98,"minecraft:enchanted_book":2,"cobblemon:sharp_beak":1,"minecraft:string":3,"minecraft:red_bed":1,"minecraft:moss_carpet":1,"minecraft:raw_copper":43,"minecraft:beetroot_soup":1,"minecraft:white_carpet":3,"minecraft:cobbled_deepslate":24,"cobblemon:oran_berry":15,"minecraft:rose_bush":1,"minecraft:azalea":2,"cobblemon:big_root":1,"cobblemon:pep_up_flower":2,"minecraft:melon_slice":6,"minecraft:furnace":1,"minecraft:stick":14,"minecraft:raw_iron":30,"minecraft:torch":4,"minecraft:acacia_log":3,"minecraft:porkchop":6,"tombstone:grave_dust":6,"minecraft:green_terracotta":1,"minecraft:tnt":4,"minecraft:rotten_flesh":12,"minecraft:arrow":16,"minecraft:hay_block":6,"minecraft:mutton":7,"minecraft:white_wool":10,"minecraft:cobblestone":292,"minecraft:feather":1,"minecraft:air":0,"minecraft:water_bucket":1,"minecraft:salmon":6,"cobblemon:pinap_berry":5,"minecraft:potato":45,"minecraft:flint":6,"minecraft:oak_log":24,"cobblemon:bluk_berry":6,"minecraft:gunpowder":2,"minecraft:dirt":44,"minecraft:bone":18,"minecraft:red_carpet":3,"minecraft:apple":2,"minecraft:bow":2,"minecraft:wheat_seeds":58,"cobblemon:potion":1,"minecraft:stone_pickaxe":1,"minecraft:iron_ingot":11,"minecraft:moss_block":1,"minecraft:acacia_sapling":3,"cobblemon:chilan_berry":4,"cobblemon:azure_ball":1,"cobblemon:red_apricorn_seed":16,"minecraft:sweet_berries":1,"minecraft:red_wool":1,"minecraft:gravel":20,"minecraft:sand":12,"cobblemon:persim_berry":2,"simpletms:tr_psychup":1,"cobblemon:poke_ball":10,"minecraft:granite":99,"minecraft:baked_potato":31,"minecraft:oak_sapling":7,"minecraft:coal":42}},"DataVersion":3465}