{"stats":{"minecraft:broken":{"minecraft:wooden_pickaxe":1,"minecraft:stone_pickaxe":2,"minecraft:stone_axe":3,"minecraft:stone_shovel":1},"minecraft:mined":{"minecraft:dark_oak_planks":4,"minecraft:white_bed":3,"minecraft:dark_oak_leaves":3,"minecraft:granite":8,"minecraft:grass_block":3,"minecraft:large_fern":1,"minecraft:tall_seagrass":1,"minecraft:furnace":4,"minecraft:iron_ore":42,"minecraft:andesite":1,"minecraft:fletching_table":7,"minecraft:deepslate_iron_ore":6,"minecraft:oak_stairs":1,"minecraft:stone":223,"minecraft:glass_pane":5,"minecraft:clay":126,"minecraft:crafting_table":9,"minecraft:chest":4,"minecraft:tall_grass":17,"minecraft:copper_ore":27,"minecraft:cobblestone":3,"minecraft:deepslate_coal_ore":1,"minecraft:lapis_ore":3,"minecraft:oak_planks":1,"minecraft:diorite":1,"minecraft:wall_torch":9,"minecraft:cobblestone_wall":4,"minecraft:birch_log":24,"minecraft:wheat":1,"minecraft:white_carpet":1,"minecraft:birch_leaves":5,"minecraft:grass":34,"minecraft:oak_log":268,"minecraft:coal_ore":164,"minecraft:gravel":5,"minecraft:dirt":12,"minecraft:oak_leaves":98},"minecraft:dropped":{"minecraft:enchanted_book":3,"minecraft:wheat_seeds":8,"minecraft:cooked_beef":5,"minecraft:crossbow":5,"minecraft:cobblestone":1,"minecraft:leather":8,"minecraft:granite":5,"minecraft:coal":61,"minecraft:dirt":11,"minecraft:diorite":1,"minecraft:mutton":9,"minecraft:brown_wool":2,"tombstone:grave_dust":3,"minecraft:oak_stairs":1,"minecraft:iron_axe":2,"minecraft:purple_wool":1,"minecraft:string":11,"minecraft:dark_oak_planks":2,"minecraft:bucket":1,"minecraft:gray_carpet":3,"minecraft:stone_axe":4,"minecraft:cobblestone_wall":2,"minecraft:birch_sapling":1,"minecraft:white_carpet":3,"minecraft:rotten_flesh":4,"minecraft:clay_ball":43,"sophisticatedbackpacks:backpack":2,"minecraft:name_tag":1,"minecraft:cooked_mutton":3,"minecraft:white_bed":1,"minecraft:chiseled_stone_bricks":32,"minecraft:potato":1,"minecraft:hay_block":1,"minecraft:bundle":3,"minecraft:andesite":1,"minecraft:oak_sapling":1,"minecraft:spider_eye":1,"minecraft:beef":10,"minecraft:bow":5,"minecraft:arrow":128,"minecraft:stone_pickaxe":1,"waystones:waystone":1,"minecraft:bell":1,"minecraft:purple_carpet":1,"minecraft:egg":2},"minecraft:used":{"minecraft:stone_shovel":132,"minecraft:chest":5,"minecraft:cooked_chicken":1,"minecraft:oak_door":4,"minecraft:torch":74,"minecraft:dirt":2,"minecraft:cobblestone_wall":2,"minecraft:granite":3,"minecraft:dark_oak_planks":2,"minecraft:oak_stairs":1,"minecraft:bow":61,"minecraft:furnace":5,"tombstone:gift":7,"minecraft:cooked_beef":15,"minecraft:cooked_mutton":9,"minecraft:water_bucket":18,"minecraft:stone_pickaxe":437,"minecraft:baked_potato":4,"minecraft:wooden_pickaxe":60,"minecraft:fletching_table":8,"minecraft:crafting_table":14,"minecraft:white_bed":5,"minecraft:oak_log":8,"waystones:waystone":2,"minecraft:bread":13,"minecraft:gravel":5,"minecraft:stone_axe":618,"minecraft:cobblestone":90,"minecraft:bucket":19,"minecraft:purple_carpet":1},"minecraft:crafted":{"minecraft:oak_planks":992,"minecraft:cooked_chicken":1,"minecraft:cooked_mutton":11,"minecraft:bow":5,"minecraft:chest":2,"minecraft:chiseled_stone_bricks":32,"minecraft:cooked_beef":19,"minecraft:crossbow":5,"minecraft:arrow":192,"minecraft:emerald":102,"minecraft:crafting_table":2,"minecraft:baked_potato":4,"minecraft:birch_planks":92,"minecraft:stone_axe":2,"minecraft:bread":36,"minecraft:air":0,"minecraft:stick":2068,"minecraft:iron_ingot":48,"minecraft:white_bed":2,"minecraft:torch":80},"minecraft:killed_by":{"minecraft:vindicator":2},"minecraft:picked_up":{"minecraft:crafting_table":9,"minecraft:chicken":1,"minecraft:clay_ball":487,"minecraft:oak_stairs":2,"minecraft:enchanted_book":1,"minecraft:string":25,"minecraft:raw_copper":90,"minecraft:iron_axe":3,"minecraft:white_carpet":3,"minecraft:beef":40,"minecraft:chest":4,"minecraft:birch_sapling":2,"minecraft:furnace":4,"minecraft:egg":11,"minecraft:stick":17,"minecraft:raw_iron":46,"minecraft:oak_door":1,"minecraft:torch":13,"sophisticatedbackpacks:backpack":3,"tombstone:grave_dust":9,"minecraft:diorite":1,"minecraft:dark_oak_planks":4,"minecraft:arrow":79,"minecraft:rotten_flesh":23,"minecraft:hay_block":1,"minecraft:mutton":25,"minecraft:white_wool":17,"minecraft:cobblestone":239,"minecraft:birch_log":23,"minecraft:andesite":1,"minecraft:brown_wool":2,"minecraft:leather":34,"minecraft:potato":1,"minecraft:oak_log":257,"minecraft:cobblestone_wall":4,"minecraft:gunpowder":7,"minecraft:lapis_lazuli":16,"minecraft:dirt":13,"tombstone:gift":1,"minecraft:purple_carpet":2,"minecraft:cooked_mutton":1,"minecraft:bone":17,"uniquedungeons:crystal_arrow_item":1,"minecraft:apple":1,"minecraft:gray_carpet":3,"minecraft:bow":2,"minecraft:wheat_seeds":10,"minecraft:iron_ingot":1,"minecraft:fletching_table":8,"minecraft:oak_planks":1,"minecraft:gravel":5,"minecraft:white_bed":4,"minecraft:spider_eye":5,"minecraft:bundle":1,"minecraft:stone_axe":1,"waystones:waystone":3,"minecraft:granite":8,"minecraft:emerald":3,"minecraft:oak_sapling":28,"minecraft:coal":261},"minecraft:killed":{"minecraft:spider":11,"minecraft:vindicator":16,"minecraft:skeleton":16,"minecraft:horse":17,"minecraft:chicken":1,"minecraft:creeper":9,"minecraft:sheep":20,"minecraft:zombie":16,"minecraft:cow":21},"minecraft:custom":{"minecraft:mob_kills":127,"minecraft:interact_with_crafting_table":33,"minecraft:bell_ring":22,"minecraft:leave_game":4,"minecraft:time_since_death":12684,"minecraft:climb_one_cm":2793,"minecraft:sprint_one_cm":406426,"minecraft:walk_one_cm":368674,"minecraft:drop":93,"minecraft:talked_to_villager":80,"minecraft:play_time":164998,"minecraft:deaths":2,"minecraft:sneak_time":988,"minecraft:walk_under_water_one_cm":23572,"minecraft:jump":4175,"minecraft:walk_on_water_one_cm":23079,"minecraft:total_world_time":164998,"minecraft:interact_with_furnace":34,"tombstone:raider_killed":16,"minecraft:traded_with_villager":138,"minecraft:sleep_in_bed":6,"minecraft:time_since_rest":559,"minecraft:waystone_activated":4,"minecraft:damage_taken":2474,"minecraft:damage_dealt":17133,"minecraft:swim_one_cm":110462,"minecraft:fly_one_cm":885595,"minecraft:open_chest":28,"minecraft:crouch_one_cm":1254,"tombstone:undead_killed":32,"minecraft:fall_one_cm":135251}},"DataVersion":3465}