{"stats":{"minecraft:killed":{"minecraft:vindicator":1,"minecraft:spider":1,"minecraft:creeper":1,"minecraft:skeleton":3,"minecraft:pillager":1,"minecraft:zombie":4,"minecraft:cow":13},"minecraft:killed_by":{"minecraft:skeleton":3,"minecraft:creeper":1,"minecraft:spider":1},"minecraft:mined":{"minecraft:acacia_leaves":6,"minecraft:dandelion":1,"cobblemon:apricorn_log":5,"cobblemon:apricorn_leaves":22,"minecraft:granite":14,"minecraft:acacia_log":51,"minecraft:grass_block":66,"minecraft:poppy":1,"minecraft:jungle_log":8,"minecraft:dead_bush":1,"minecraft:tall_grass":48,"minecraft:copper_ore":2,"cobblemon:red_apricorn_sapling":1,"minecraft:moss_block":1,"minecraft:amethyst_block":1,"minecraft:hay_block":13,"minecraft:fire":4,"minecraft:green_stained_glass":2,"minecraft:grass":62,"minecraft:oak_log":1,"minecraft:coal_ore":45,"minecraft:flowering_azalea_leaves":1,"minecraft:sunflower":1,"minecraft:sand":2,"minecraft:dirt":10,"minecraft:azalea_leaves":9,"minecraft:stone":47,"minecraft:oak_leaves":34,"minecraft:fern":2},"minecraft:custom":{"minecraft:interact_with_furnace":4,"minecraft:mob_kills":24,"tombstone:raider_killed":2,"minecraft:interact_with_crafting_table":7,"minecraft:leave_game":17,"minecraft:time_since_death":26730,"minecraft:sleep_in_bed":2,"minecraft:time_since_rest":12059,"minecraft:sprint_one_cm":370983,"minecraft:damage_taken":2585,"minecraft:walk_one_cm":328053,"minecraft:drop":17,"minecraft:damage_dealt":3260,"minecraft:swim_one_cm":34192,"minecraft:fly_one_cm":342064,"minecraft:open_chest":7,"minecraft:play_time":175689,"minecraft:crouch_one_cm":148,"tombstone:undead_killed":7,"minecraft:deaths":5,"minecraft:sneak_time":106,"minecraft:walk_under_water_one_cm":31860,"minecraft:boat_one_cm":373252,"minecraft:jump":2028,"minecraft:walk_on_water_one_cm":36148,"minecraft:total_world_time":175689,"minecraft:fall_one_cm":53739},"minecraft:crafted":{"minecraft:red_dye":9,"minecraft:crafting_table":2,"minecraft:wooden_pickaxe":1,"minecraft:copper_ingot":7,"minecraft:bone_meal":6,"minecraft:stone_axe":1,"minecraft:acacia_boat":1,"minecraft:bread":39,"minecraft:air":0,"minecraft:stick":8,"minecraft:stone_pickaxe":2,"minecraft:acacia_planks":68,"minecraft:wheat":117},"minecraft:dropped":{"minecraft:wheat_seeds":2,"minecraft:feather":3,"minecraft:rotten_flesh":2,"minecraft:oak_planks":27,"minecraft:acacia_log":21,"minecraft:poppy":1,"minecraft:dirt":15,"minecraft:jungle_log":9,"minecraft:oak_sapling":3,"minecraft:spider_eye":1,"minecraft:acacia_planks":23},"minecraft:picked_up":{"minecraft:feather":2,"minecraft:jungle_log":9,"cobblemon:yellow_apricorn":6,"minecraft:leather":6,"cobblemon:red_apricorn":11,"cobblemon:pinap_berry":19,"cobblemon:bluk_berry":21,"minecraft:gunpowder":1,"minecraft:acacia_boat":1,"minecraft:amethyst_block":1,"minecraft:dirt":94,"minecraft:raw_copper":7,"minecraft:bone":5,"minecraft:acacia_planks":57,"minecraft:wheat_seeds":11,"cobblemon:green_apricorn":3,"minecraft:beef":24,"minecraft:stone_pickaxe":1,"cobblemon:oran_berry":34,"minecraft:poppy":2,"minecraft:moss_block":2,"minecraft:acacia_sapling":6,"minecraft:egg":3,"minecraft:smooth_basalt":1,"cobblemon:red_apricorn_seed":2,"minecraft:stick":6,"cobblemon:apricorn_log":5,"minecraft:acacia_log":51,"minecraft:dandelion":4,"cobblemon:cheri_berry":11,"minecraft:sand":2,"cobblemon:yellow_apricorn_seed":1,"cobblemon:persim_berry":13,"tombstone:grave_dust":3,"minecraft:grass_block":1,"minecraft:spider_eye":1,"minecraft:arrow":5,"minecraft:cactus":2,"minecraft:rotten_flesh":7,"minecraft:peony":1,"minecraft:hay_block":13,"minecraft:granite":14,"minecraft:emerald":1,"minecraft:oak_sapling":3,"minecraft:sunflower":5,"minecraft:coal":44,"minecraft:ender_pearl":1,"minecraft:cobblestone":34,"minecraft:oxeye_daisy":2},"minecraft:used":{"minecraft:acacia_boat":2,"minecraft:iron_shovel":66,"minecraft:acacia_log":6,"minecraft:stone_pickaxe":113,"minecraft:wooden_pickaxe":8,"minecraft:iron_sword":16,"minecraft:torch":1,"minecraft:dirt":6,"minecraft:crafting_table":3,"cobblemon:apricorn_log":5,"minecraft:iron_axe":55,"minecraft:bread":27,"minecraft:stone_axe":114,"cobblemon:red_apricorn_seed":2,"minecraft:cobblestone":13,"minecraft:acacia_planks":43,"minecraft:bone_meal":6}},"DataVersion":3465}