{"stats":{"minecraft:used":{"minecraft:cooked_mutton":4,"minecraft:stone_sword":29,"minecraft:stone_shovel":27,"minecraft:bread":1,"minecraft:stone_pickaxe":181,"minecraft:baked_potato":4,"minecraft:wooden_pickaxe":11,"minecraft:stone_axe":16,"minecraft:torch":13,"minecraft:cobblestone":1,"minecraft:crafting_table":2,"minecraft:furnace":1,"tombstone:gift":2,"minecraft:white_bed":1},"minecraft:picked_up":{"minecraft:crafting_table":1,"minecraft:charcoal":2,"minecraft:stick":1,"minecraft:purple_wool":1,"minecraft:clay_ball":2,"minecraft:leather":4,"minecraft:torch":1,"minecraft:flint":3,"minecraft:oak_log":10,"tombstone:grave_dust":2,"minecraft:string":11,"minecraft:dirt":26,"minecraft:bone":2,"minecraft:name_tag":1,"minecraft:bundle":2,"minecraft:purple_carpet":4,"minecraft:arrow":6,"minecraft:rotten_flesh":4,"minecraft:bow":1,"minecraft:wheat_seeds":1,"minecraft:granite":22,"minecraft:coal":29,"minecraft:raw_iron":13,"minecraft:mutton":6,"minecraft:white_wool":4,"minecraft:cobblestone":155},"minecraft:crafted":{"minecraft:oak_planks":64,"minecraft:stone_shovel":1,"minecraft:crafting_table":1,"minecraft:stick":24,"minecraft:wooden_pickaxe":1,"minecraft:chest":2,"minecraft:stone_sword":1,"minecraft:furnace":1,"minecraft:torch":56,"minecraft:stone_axe":1,"minecraft:air":0,"minecraft:cooked_mutton":4},"minecraft:mined":{"minecraft:purple_wool":1,"minecraft:iron_ore":13,"minecraft:crafting_table":1,"minecraft:granite":22,"minecraft:grass":8,"minecraft:grass_block":5,"minecraft:oak_log":10,"minecraft:dirt":22,"minecraft:campfire":1,"minecraft:tall_grass":4,"minecraft:stone":155,"minecraft:wall_torch":1,"minecraft:oak_leaves":1},"minecraft:custom":{"minecraft:time_since_rest":19725,"minecraft:interact_with_furnace":6,"minecraft:sprint_one_cm":80950,"minecraft:damage_taken":550,"minecraft:walk_one_cm":115616,"minecraft:mob_kills":13,"minecraft:drop":5,"minecraft:damage_dealt":1944,"minecraft:swim_one_cm":5719,"minecraft:talked_to_villager":1,"minecraft:interact_with_crafting_table":10,"minecraft:fly_one_cm":56542,"minecraft:open_chest":4,"minecraft:play_time":43038,"tombstone:undead_killed":9,"minecraft:walk_under_water_one_cm":186,"minecraft:jump":353,"minecraft:leave_game":7,"minecraft:time_since_death":42941,"minecraft:walk_on_water_one_cm":1486,"minecraft:sleep_in_bed":1,"minecraft:climb_one_cm":555,"minecraft:total_world_time":43038,"minecraft:fall_one_cm":5667},"minecraft:killed":{"minecraft:skeleton":3,"minecraft:sheep":4,"minecraft:zombie":6},"minecraft:broken":{"minecraft:stone_pickaxe":1},"minecraft:dropped":{"sophisticatedbackpacks:backpack":1,"minecraft:stick":1,"minecraft:purple_carpet":3}},"DataVersion":3465}