{"stats":{"minecraft:killed":{"minecraft:spider":1,"minecraft:creeper":1,"minecraft:skeleton":2,"minecraft:zombie":4,"minecraft:cow":13},"minecraft:killed_by":{"minecraft:skeleton":3,"minecraft:spider":1},"minecraft:mined":{"minecraft:acacia_leaves":6,"minecraft:dandelion":1,"cobblemon:apricorn_log":5,"cobblemon:apricorn_leaves":22,"minecraft:granite":14,"minecraft:acacia_log":51,"minecraft:grass_block":5,"minecraft:poppy":1,"minecraft:jungle_log":8,"minecraft:dead_bush":1,"minecraft:tall_grass":48,"minecraft:copper_ore":2,"cobblemon:red_apricorn_sapling":1,"minecraft:hay_block":13,"minecraft:fire":4,"minecraft:grass":59,"minecraft:oak_log":1,"minecraft:coal_ore":45,"minecraft:flowering_azalea_leaves":1,"minecraft:sunflower":1,"minecraft:dirt":7,"minecraft:azalea_leaves":9,"minecraft:stone":12,"minecraft:oak_leaves":34,"minecraft:fern":2},"minecraft:custom":{"minecraft:interact_with_furnace":4,"minecraft:mob_kills":21,"minecraft:interact_with_crafting_table":6,"minecraft:leave_game":16,"minecraft:time_since_death":7123,"minecraft:sleep_in_bed":2,"minecraft:time_since_rest":6757,"minecraft:sprint_one_cm":310911,"minecraft:damage_taken":1475,"minecraft:walk_one_cm":259243,"minecraft:drop":15,"minecraft:damage_dealt":2571,"minecraft:swim_one_cm":21594,"minecraft:fly_one_cm":302443,"minecraft:open_chest":7,"minecraft:crouch_one_cm":148,"minecraft:play_time":144657,"tombstone:undead_killed":6,"minecraft:deaths":4,"minecraft:sneak_time":90,"minecraft:walk_under_water_one_cm":14567,"minecraft:jump":1708,"minecraft:walk_on_water_one_cm":28932,"minecraft:total_world_time":144657,"minecraft:fall_one_cm":43918},"minecraft:crafted":{"minecraft:red_dye":9,"minecraft:crafting_table":1,"minecraft:wooden_pickaxe":1,"minecraft:copper_ingot":7,"minecraft:bone_meal":6,"minecraft:stone_axe":1,"minecraft:bread":39,"minecraft:air":0,"minecraft:stick":8,"minecraft:stone_pickaxe":2,"minecraft:acacia_planks":68,"minecraft:wheat":117},"minecraft:dropped":{"minecraft:wheat_seeds":2,"minecraft:feather":3,"minecraft:rotten_flesh":2,"minecraft:oak_planks":27,"minecraft:poppy":1,"minecraft:dirt":15,"minecraft:oak_sapling":3,"minecraft:spider_eye":1,"minecraft:acacia_planks":23},"minecraft:used":{"minecraft:acacia_log":6,"minecraft:stone_pickaxe":71,"minecraft:wooden_pickaxe":8,"minecraft:iron_sword":6,"minecraft:torch":1,"minecraft:dirt":6,"minecraft:crafting_table":2,"cobblemon:apricorn_log":5,"minecraft:iron_axe":51,"minecraft:bread":17,"minecraft:stone_axe":114,"cobblemon:red_apricorn_seed":2,"minecraft:acacia_planks":41,"minecraft:bone_meal":6},"minecraft:picked_up":{"minecraft:feather":2,"minecraft:jungle_log":9,"cobblemon:yellow_apricorn":6,"minecraft:leather":6,"cobblemon:red_apricorn":11,"cobblemon:pinap_berry":19,"cobblemon:bluk_berry":21,"minecraft:gunpowder":1,"minecraft:dirt":34,"minecraft:raw_copper":7,"minecraft:bone":4,"minecraft:wheat_seeds":8,"cobblemon:green_apricorn":3,"minecraft:beef":24,"minecraft:stone_pickaxe":1,"cobblemon:oran_berry":34,"minecraft:poppy":2,"minecraft:acacia_sapling":2,"minecraft:egg":3,"cobblemon:red_apricorn_seed":2,"minecraft:stick":3,"cobblemon:apricorn_log":5,"minecraft:dandelion":3,"minecraft:acacia_log":51,"cobblemon:cheri_berry":11,"cobblemon:yellow_apricorn_seed":1,"cobblemon:persim_berry":13,"tombstone:grave_dust":3,"minecraft:grass_block":1,"minecraft:spider_eye":1,"minecraft:cactus":2,"minecraft:arrow":3,"minecraft:rotten_flesh":7,"minecraft:hay_block":13,"minecraft:granite":14,"minecraft:oak_sapling":3,"minecraft:sunflower":1,"minecraft:coal":44,"minecraft:cobblestone":12,"minecraft:ender_pearl":1}},"DataVersion":3465}