{"stats":{"minecraft:used":{"minecraft:cooked_mutton":7,"minecraft:stone_sword":67,"minecraft:stone_shovel":27,"minecraft:stone_pickaxe":233,"minecraft:baked_potato":4,"minecraft:wooden_pickaxe":11,"minecraft:torch":39,"minecraft:crafting_table":2,"minecraft:white_bed":1,"minecraft:bread":1,"tombstone:magic_scroll":2,"minecraft:stone_axe":16,"minecraft:cobblestone":1,"minecraft:furnace":1,"minecraft:bucket":1,"minecraft:andesite":8,"tombstone:gift":2,"minecraft:cooked_beef":1},"minecraft:picked_up":{"minecraft:charcoal":2,"minecraft:crafting_table":1,"minecraft:cooked_beef":5,"minecraft:purple_wool":1,"minecraft:clay_ball":2,"minecraft:andesite":2,"minecraft:leather":4,"minecraft:flint":3,"minecraft:oak_log":10,"minecraft:gunpowder":2,"minecraft:dirt":26,"minecraft:string":11,"minecraft:name_tag":1,"minecraft:cooked_mutton":3,"minecraft:purple_carpet":4,"minecraft:bone":3,"minecraft:bow":1,"minecraft:wheat_seeds":1,"minecraft:bucket":1,"minecraft:raw_iron":37,"minecraft:stick":1,"minecraft:torch":2,"tombstone:grave_dust":2,"minecraft:diorite":1,"minecraft:bundle":2,"minecraft:arrow":9,"minecraft:rotten_flesh":12,"minecraft:granite":22,"tombstone:magic_scroll":2,"minecraft:mutton":6,"minecraft:coal":49,"minecraft:white_wool":4,"minecraft:cobblestone":169},"minecraft:mined":{"minecraft:crafting_table":1,"minecraft:granite":22,"minecraft:grass_block":5,"minecraft:campfire":1,"minecraft:tall_grass":4,"minecraft:diorite":1,"minecraft:wall_torch":1,"minecraft:purple_wool":1,"minecraft:iron_ore":35,"minecraft:andesite":2,"minecraft:grass":8,"minecraft:oak_log":10,"minecraft:coal_ore":20,"minecraft:deepslate_iron_ore":1,"minecraft:dirt":22,"minecraft:stone":161,"minecraft:oak_leaves":1},"minecraft:crafted":{"minecraft:oak_planks":64,"minecraft:stone_shovel":1,"minecraft:crafting_table":1,"minecraft:wooden_pickaxe":1,"minecraft:furnace":1,"minecraft:stone_axe":1,"minecraft:cooked_mutton":4,"minecraft:air":0,"minecraft:stick":24,"minecraft:stone_sword":1,"minecraft:chest":2,"minecraft:torch":56},"minecraft:custom":{"minecraft:interact_with_furnace":6,"minecraft:mob_kills":18,"minecraft:interact_with_crafting_table":10,"minecraft:leave_game":10,"minecraft:time_since_death":55802,"minecraft:sleep_in_bed":1,"minecraft:climb_one_cm":555,"minecraft:time_since_rest":32586,"minecraft:sprint_one_cm":86543,"minecraft:damage_taken":970,"minecraft:walk_one_cm":182166,"minecraft:drop":5,"minecraft:damage_dealt":3654,"minecraft:swim_one_cm":15726,"minecraft:talked_to_villager":1,"minecraft:fly_one_cm":59907,"minecraft:open_chest":4,"minecraft:play_time":55899,"tombstone:undead_killed":14,"minecraft:sneak_time":12,"minecraft:walk_under_water_one_cm":5050,"minecraft:jump":532,"minecraft:walk_on_water_one_cm":8759,"minecraft:total_world_time":55899,"minecraft:fall_one_cm":8253},"minecraft:killed":{"minecraft:skeleton":4,"minecraft:sheep":4,"minecraft:zombie":10},"minecraft:broken":{"minecraft:stone_pickaxe":1},"minecraft:dropped":{"sophisticatedbackpacks:backpack":1,"minecraft:stick":1,"minecraft:purple_carpet":3}},"DataVersion":3465}