{"stats":{"minecraft:used":{"minecraft:stone_sword":6,"minecraft:stone_shovel":27,"minecraft:bread":1,"minecraft:stone_pickaxe":115,"minecraft:baked_potato":2,"minecraft:wooden_pickaxe":11,"minecraft:stone_axe":1,"minecraft:cobblestone":1,"minecraft:crafting_table":2,"minecraft:furnace":1,"tombstone:gift":2,"minecraft:white_bed":1},"minecraft:picked_up":{"minecraft:crafting_table":1,"minecraft:charcoal":2,"minecraft:stick":1,"minecraft:purple_wool":1,"minecraft:clay_ball":2,"minecraft:leather":4,"minecraft:flint":3,"minecraft:oak_log":10,"minecraft:string":11,"minecraft:dirt":26,"minecraft:name_tag":1,"minecraft:bundle":1,"minecraft:purple_carpet":3,"minecraft:wheat_seeds":1,"minecraft:granite":18,"minecraft:mutton":6,"minecraft:white_wool":4,"minecraft:cobblestone":107},"minecraft:crafted":{"minecraft:oak_planks":40,"minecraft:stone_shovel":1,"minecraft:crafting_table":1,"minecraft:stick":8,"minecraft:wooden_pickaxe":1,"minecraft:chest":2,"minecraft:stone_sword":1,"minecraft:furnace":1,"minecraft:stone_axe":1},"minecraft:mined":{"minecraft:purple_wool":1,"minecraft:crafting_table":1,"minecraft:granite":18,"minecraft:grass":7,"minecraft:grass_block":5,"minecraft:oak_log":10,"minecraft:dirt":22,"minecraft:campfire":1,"minecraft:tall_grass":3,"minecraft:stone":107,"minecraft:oak_leaves":1},"minecraft:custom":{"minecraft:time_since_rest":7725,"minecraft:interact_with_furnace":2,"minecraft:sprint_one_cm":67764,"minecraft:damage_taken":50,"minecraft:walk_one_cm":58099,"minecraft:mob_kills":4,"minecraft:drop":5,"minecraft:damage_dealt":320,"minecraft:swim_one_cm":5719,"minecraft:talked_to_villager":1,"minecraft:interact_with_crafting_table":7,"minecraft:fly_one_cm":49922,"minecraft:open_chest":3,"minecraft:play_time":31038,"minecraft:walk_under_water_one_cm":186,"minecraft:jump":215,"minecraft:leave_game":7,"minecraft:time_since_death":30941,"minecraft:walk_on_water_one_cm":1486,"minecraft:sleep_in_bed":1,"minecraft:climb_one_cm":555,"minecraft:total_world_time":31038,"minecraft:fall_one_cm":3631},"minecraft:killed":{"minecraft:sheep":4},"minecraft:dropped":{"sophisticatedbackpacks:backpack":1,"minecraft:stick":1,"minecraft:purple_carpet":3}},"DataVersion":3465}