{"stats":{"minecraft:crafted":{"minecraft:furnace":1,"minecraft:bone_meal":6,"sophisticatedbackpacks:crafting_upgrade":1,"sophisticatedbackpacks:smelting_upgrade":1,"minecraft:stone_pickaxe":2,"minecraft:chest":3,"minecraft:birch_door":3,"minecraft:wheat":225,"minecraft:red_dye":9,"minecraft:crafting_table":4,"minecraft:wooden_pickaxe":1,"minecraft:copper_ingot":7,"minecraft:birch_planks":180,"minecraft:stone_axe":1,"sophisticatedbackpacks:upgrade_base":2,"minecraft:bread":39,"minecraft:acacia_boat":1,"minecraft:air":0,"minecraft:stick":16,"minecraft:iron_pickaxe":2,"minecraft:acacia_planks":68,"minecraft:torch":32},"minecraft:killed":{"minecraft:spider":2,"minecraft:vindicator":1,"minecraft:skeleton":3,"minecraft:magma_cube":20,"minecraft:creeper":2,"minecraft:pillager":1,"minecraft:zombie":5,"minecraft:cow":18},"minecraft:custom":{"minecraft:mob_kills":52,"minecraft:interact_with_crafting_table":13,"minecraft:leave_game":44,"minecraft:time_since_death":38095,"minecraft:climb_one_cm":9736,"minecraft:sprint_one_cm":1400021,"minecraft:walk_one_cm":1040308,"minecraft:drop":61,"minecraft:play_time":451752,"minecraft:sneak_time":377,"minecraft:deaths":8,"minecraft:walk_under_water_one_cm":59554,"minecraft:boat_one_cm":373252,"minecraft:interact_with_brewingstand":1,"minecraft:jump":6231,"minecraft:walk_on_water_one_cm":104202,"minecraft:total_world_time":451752,"minecraft:interact_with_furnace":5,"tombstone:raider_killed":2,"minecraft:sleep_in_bed":5,"minecraft:time_since_rest":35931,"minecraft:damage_taken":5526,"minecraft:damage_dealt":4954,"minecraft:swim_one_cm":131172,"minecraft:fly_one_cm":1199783,"minecraft:open_chest":87,"minecraft:crouch_one_cm":1048,"tombstone:undead_killed":8,"minecraft:fall_one_cm":142840},"minecraft:picked_up":{"cobblemon:remedy":1,"minecraft:chicken":3,"minecraft:ladder":4,"cobblemon:yellow_apricorn":8,"minecraft:stone_slab":2,"cobblemon:red_apricorn":39,"minecraft:gold_block":1,"minecraft:amethyst_block":1,"cobblemon:wepear_berry":1,"minecraft:red_bed":4,"minecraft:raw_copper":119,"cobblemon:green_apricorn":10,"minecraft:beef":35,"cobblemon:oran_berry":34,"cobblemon:relic_coin":37,"minecraft:player_head":2,"minecraft:poppy":2,"minecraft:spruce_slab":1,"minecraft:sugar_cane":1,"minecraft:birch_sapling":16,"minecraft:spruce_trapdoor":1,"minecraft:egg":3,"minecraft:dark_oak_sapling":1,"minecraft:stick":12,"minecraft:raw_iron":14,"cobblemon:apricorn_log":5,"minecraft:torch":4,"minecraft:acacia_log":51,"tombstone:grave_dust":7,"minecraft:arrow":5,"minecraft:cactus":2,"minecraft:rotten_flesh":9,"minecraft:peony":1,"minecraft:hay_block":25,"cobblemon:super_potion":1,"minecraft:totem_of_undying":1,"cobblemon:blue_apricorn":5,"minecraft:cobblestone":221,"minecraft:oxeye_daisy":2,"minecraft:birch_log":66,"minecraft:feather":2,"minecraft:basalt":89,"minecraft:andesite":3,"minecraft:jungle_log":9,"minecraft:leather":10,"cobblemon:pinap_berry":19,"cobblemon:razz_berry":3,"minecraft:birch_planks":8,"minecraft:flint":2,"minecraft:oak_log":8,"cobblemon:bluk_berry":21,"cobblemon:peat_block":1,"minecraft:gunpowder":1,"minecraft:acacia_boat":1,"minecraft:dirt":166,"cobblemon:pink_apricorn_seed":2,"cobblemon:eviolite":1,"cobblemon:paralyze_heal":1,"minecraft:bone":6,"minecraft:acacia_planks":57,"minecraft:wheat_seeds":11,"minecraft:orange_tulip":2,"minecraft:stone_pickaxe":1,"cobblemon:thunder_stone":3,"minecraft:moss_block":2,"minecraft:acacia_sapling":6,"minecraft:ghast_tear":1,"cobblemon:red_apricorn_seed":4,"minecraft:smooth_basalt":1,"minecraft:sweet_berries":8,"minecraft:dandelion":4,"cobblemon:blue_apricorn_seed":1,"minecraft:gravel":5,"cobblemon:cheri_berry":11,"minecraft:sand":3,"cobblemon:yellow_apricorn_seed":2,"cobblemon:persim_berry":13,"cobblemon:pink_apricorn":12,"minecraft:grass_block":1,"cobblemon:aspear_berry":3,"minecraft:jungle_slab":1,"minecraft:dark_oak_log":10,"minecraft:spider_eye":1,"simpletms:tr_bulldoze":1,"cobblemon:poke_ball":1,"minecraft:granite":14,"minecraft:emerald":1,"cobblemon:medicinal_leek":4,"minecraft:oak_sapling":3,"minecraft:coal":85,"minecraft:ender_pearl":1,"minecraft:sunflower":5},"minecraft:dropped":{"minecraft:moss_block":2,"minecraft:wheat_seeds":6,"minecraft:glass_bottle":1,"minecraft:orange_tulip":2,"minecraft:feather":3,"minecraft:cobblestone":6,"minecraft:amethyst_block":1,"cobblemon:hyper_potion":1,"minecraft:acacia_log":21,"minecraft:flint":1,"minecraft:oxeye_daisy":2,"minecraft:dirt":27,"minecraft:jungle_slab":1,"tombstone:magic_scroll":2,"minecraft:rabbit":1,"tombstone:grave_dust":6,"minecraft:sunflower":1,"minecraft:sand":3,"minecraft:white_wool":3,"minecraft:acacia_planks":23,"minecraft:dandelion":4,"minecraft:gravel":4,"minecraft:sweet_berries":6,"minecraft:sugar_cane":1,"minecraft:birch_sapling":7,"minecraft:chicken":1,"minecraft:rotten_flesh":8,"minecraft:oak_planks":27,"minecraft:stone_slab":1,"minecraft:totem_of_undying":1,"minecraft:poppy":1,"cobblemon:remedy":1,"minecraft:jungle_log":9,"minecraft:acacia_sapling":2,"minecraft:oak_sapling":3,"minecraft:spider_eye":1,"cobblemon:eviolite":1},"minecraft:broken":{"minecraft:stone_pickaxe":1,"minecraft:iron_pickaxe":1},"minecraft:mined":{"minecraft:dark_oak_leaves":2,"minecraft:jungle_slab":1,"minecraft:dark_oak_log":10,"minecraft:stripped_birch_log":1,"cobblemon:apricorn_log":5,"minecraft:spruce_trapdoor":1,"minecraft:ladder":4,"minecraft:granite":14,"minecraft:acacia_log":51,"minecraft:grass_block":129,"minecraft:decorated_pot":1,"minecraft:jungle_log":8,"minecraft:spruce_leaves":7,"cobblemon:red_apricorn_sapling":1,"minecraft:moss_block":1,"minecraft:large_fern":1,"minecraft:hay_block":25,"minecraft:iron_ore":14,"minecraft:fire":8,"minecraft:andesite":4,"minecraft:gold_block":1,"minecraft:green_stained_glass":2,"minecraft:flowering_azalea_leaves":1,"minecraft:dirt_path":1,"minecraft:azalea_leaves":9,"minecraft:stone":226,"minecraft:player_head":2,"minecraft:spruce_slab":1,"minecraft:acacia_leaves":8,"minecraft:red_bed":4,"minecraft:basalt":105,"minecraft:dandelion":1,"cobblemon:apricorn_leaves":25,"minecraft:poppy":1,"minecraft:dead_bush":1,"minecraft:stone_slab":2,"minecraft:copper_ore":33,"minecraft:tall_grass":54,"minecraft:cobblestone":13,"minecraft:wall_torch":3,"minecraft:amethyst_block":1,"minecraft:birch_planks":8,"minecraft:coarse_dirt":1,"minecraft:birch_log":67,"minecraft:sweet_berry_bush":1,"minecraft:ice":2,"minecraft:birch_leaves":38,"minecraft:grass":70,"minecraft:oak_log":9,"minecraft:coal_ore":86,"cobblemon:thunder_stone_ore":3,"minecraft:sunflower":1,"minecraft:gravel":8,"minecraft:sand":2,"minecraft:dirt":75,"minecraft:oak_leaves":36,"minecraft:fern":2},"minecraft:used":{"minecraft:iron_shovel":167,"minecraft:acacia_log":6,"minecraft:flint_and_steel":3,"minecraft:ladder":3,"minecraft:chest":8,"minecraft:iron_sword":78,"minecraft:player_head":2,"minecraft:torch":44,"minecraft:dirt":76,"minecraft:axolotl_bucket":1,"minecraft:obsidian":14,"minecraft:birch_door":2,"minecraft:iron_axe":145,"minecraft:smooth_basalt":3,"cobblemon:pc":1,"minecraft:basalt":56,"minecraft:sweet_berries":4,"minecraft:furnace":3,"minecraft:cooked_beef":6,"minecraft:cobbled_deepslate":1,"minecraft:acacia_planks":52,"minecraft:acacia_boat":2,"minecraft:birch_planks":127,"minecraft:stone_pickaxe":149,"minecraft:wooden_pickaxe":8,"minecraft:crafting_table":5,"minecraft:red_bed":5,"cobblemon:healing_machine":1,"cobblemon:apricorn_log":5,"minecraft:dark_oak_log":4,"minecraft:iron_pickaxe":386,"minecraft:bread":86,"minecraft:stone_axe":151,"minecraft:cobblestone":166,"cobblemon:red_apricorn_seed":2,"minecraft:birch_log":6,"minecraft:bone_meal":6},"minecraft:killed_by":{"minecraft:creeper":1,"minecraft:spider":1,"minecraft:magma_cube":1,"minecraft:skeleton":4}},"DataVersion":3465}