{"stats":{"minecraft:crafted":{"minecraft:oak_planks":40,"minecraft:stone_shovel":1,"minecraft:crafting_table":1,"minecraft:stick":8,"minecraft:wooden_pickaxe":1,"minecraft:stone_sword":1,"minecraft:furnace":1,"minecraft:stone_axe":1},"minecraft:custom":{"minecraft:time_since_rest":2027,"minecraft:interact_with_furnace":2,"minecraft:sprint_one_cm":61383,"minecraft:damage_taken":50,"minecraft:walk_one_cm":54970,"minecraft:mob_kills":4,"minecraft:damage_dealt":320,"minecraft:swim_one_cm":5719,"minecraft:talked_to_villager":1,"minecraft:interact_with_crafting_table":5,"minecraft:fly_one_cm":45979,"minecraft:open_chest":3,"minecraft:play_time":25340,"minecraft:walk_under_water_one_cm":186,"minecraft:jump":202,"minecraft:leave_game":7,"minecraft:time_since_death":25243,"minecraft:walk_on_water_one_cm":1486,"minecraft:sleep_in_bed":1,"minecraft:climb_one_cm":555,"minecraft:total_world_time":25340,"minecraft:fall_one_cm":3422},"minecraft:picked_up":{"minecraft:crafting_table":1,"minecraft:charcoal":2,"minecraft:stick":1,"minecraft:purple_wool":1,"minecraft:clay_ball":2,"minecraft:flint":3,"minecraft:oak_log":10,"minecraft:dirt":26,"minecraft:purple_carpet":1,"minecraft:wheat_seeds":1,"minecraft:granite":18,"minecraft:mutton":6,"minecraft:white_wool":4,"minecraft:cobblestone":107},"minecraft:used":{"minecraft:stone_sword":6,"minecraft:stone_shovel":27,"minecraft:bread":1,"minecraft:stone_pickaxe":115,"minecraft:wooden_pickaxe":11,"minecraft:stone_axe":1,"minecraft:cobblestone":1,"minecraft:crafting_table":2,"minecraft:furnace":1,"minecraft:white_bed":1,"tombstone:gift":2},"minecraft:mined":{"minecraft:purple_wool":1,"minecraft:crafting_table":1,"minecraft:granite":18,"minecraft:grass":7,"minecraft:grass_block":5,"minecraft:oak_log":10,"minecraft:dirt":22,"minecraft:campfire":1,"minecraft:tall_grass":3,"minecraft:stone":107,"minecraft:oak_leaves":1},"minecraft:killed":{"minecraft:sheep":4}},"DataVersion":3465}