{"stats":{"minecraft:custom":{"minecraft:time_since_rest":5634,"minecraft:sprint_one_cm":70074,"minecraft:damage_taken":70,"minecraft:walk_one_cm":79217,"minecraft:mob_kills":14,"minecraft:damage_dealt":1220,"minecraft:swim_one_cm":11550,"minecraft:interact_with_crafting_table":2,"minecraft:fly_one_cm":23158,"minecraft:play_time":20841,"minecraft:walk_under_water_one_cm":1540,"minecraft:boat_one_cm":95761,"minecraft:jump":315,"minecraft:leave_game":2,"minecraft:walk_on_water_one_cm":1746,"minecraft:time_since_death":20841,"minecraft:sleep_in_bed":1,"minecraft:climb_one_cm":1364,"minecraft:total_world_time":20841,"minecraft:fall_one_cm":6129},"minecraft:mined":{"minecraft:hay_block":13,"minecraft:white_bed":1,"minecraft:birch_log":6,"minecraft:birch_leaves":1,"minecraft:crafting_table":1,"minecraft:grass":4,"minecraft:grass_block":5,"minecraft:dirt":12,"minecraft:tall_grass":1,"minecraft:stone":12,"minecraft:oak_leaves":2},"minecraft:picked_up":{"minecraft:birch_log":6,"minecraft:stick":2,"minecraft:crafting_table":1,"roost:grub":2,"minecraft:feather":2,"minecraft:chicken":1,"minecraft:clay_ball":1,"minecraft:leather":2,"minecraft:porkchop":7,"minecraft:flint":1,"minecraft:white_bed":1,"minecraft:dirt":17,"minecraft:wheat_seeds":2,"minecraft:hay_block":13,"minecraft:beef":13,"minecraft:oak_sapling":1,"minecraft:mutton":4,"minecraft:white_wool":3,"minecraft:cobblestone":12},"minecraft:crafted":{"minecraft:crafting_table":1,"minecraft:stick":4,"minecraft:wooden_pickaxe":1,"minecraft:stone_pickaxe":1,"minecraft:stone_sword":1,"minecraft:birch_planks":24,"minecraft:stone_axe":1},"minecraft:used":{"minecraft:stone_sword":3,"minecraft:stone_pickaxe":5,"minecraft:wooden_pickaxe":23,"minecraft:stone_axe":40,"minecraft:dirt":16,"minecraft:crafting_table":1,"minecraft:white_bed":1},"minecraft:killed":{"minecraft:sheep":3,"minecraft:pig":2,"minecraft:chicken":1,"minecraft:cow":7}},"DataVersion":3465}