{"stats":{"minecraft:killed":{"minecraft:spider":1,"minecraft:skeleton":2,"minecraft:zombie":2,"minecraft:cow":13},"minecraft:killed_by":{"minecraft:skeleton":1,"minecraft:spider":1},"minecraft:mined":{"minecraft:acacia_leaves":6,"cobblemon:apricorn_log":5,"cobblemon:apricorn_leaves":22,"minecraft:granite":14,"minecraft:acacia_log":24,"minecraft:grass_block":5,"minecraft:poppy":1,"minecraft:dead_bush":1,"minecraft:tall_grass":48,"minecraft:copper_ore":2,"cobblemon:red_apricorn_sapling":1,"minecraft:hay_block":13,"minecraft:fire":4,"minecraft:grass":58,"minecraft:oak_log":1,"minecraft:coal_ore":44,"minecraft:dirt":7,"minecraft:stone":9,"minecraft:oak_leaves":34,"minecraft:fern":2},"minecraft:custom":{"minecraft:interact_with_furnace":4,"minecraft:mob_kills":18,"minecraft:interact_with_crafting_table":6,"minecraft:leave_game":16,"minecraft:time_since_death":16364,"minecraft:sleep_in_bed":2,"minecraft:time_since_rest":843,"minecraft:sprint_one_cm":273432,"minecraft:damage_taken":910,"minecraft:walk_one_cm":225025,"minecraft:drop":12,"minecraft:damage_dealt":2251,"minecraft:swim_one_cm":21594,"minecraft:fly_one_cm":284668,"minecraft:open_chest":7,"minecraft:play_time":132657,"tombstone:undead_killed":4,"minecraft:deaths":2,"minecraft:sneak_time":10,"minecraft:walk_under_water_one_cm":14567,"minecraft:jump":1481,"minecraft:walk_on_water_one_cm":28932,"minecraft:total_world_time":132657,"minecraft:fall_one_cm":41412},"minecraft:crafted":{"minecraft:red_dye":9,"minecraft:crafting_table":1,"minecraft:wooden_pickaxe":1,"minecraft:copper_ingot":7,"minecraft:bone_meal":6,"minecraft:stone_axe":1,"minecraft:bread":39,"minecraft:air":0,"minecraft:stick":8,"minecraft:stone_pickaxe":2,"minecraft:acacia_planks":68,"minecraft:wheat":117},"minecraft:dropped":{"minecraft:wheat_seeds":2,"minecraft:feather":3,"minecraft:rotten_flesh":2,"minecraft:poppy":1,"minecraft:oak_sapling":3,"minecraft:spider_eye":1},"minecraft:used":{"minecraft:stone_pickaxe":67,"minecraft:wooden_pickaxe":8,"minecraft:dirt":6,"minecraft:crafting_table":1,"cobblemon:apricorn_log":5,"minecraft:bread":17,"minecraft:stone_axe":114,"cobblemon:red_apricorn_seed":2,"minecraft:bone_meal":6},"minecraft:picked_up":{"minecraft:feather":2,"cobblemon:yellow_apricorn":6,"minecraft:leather":6,"cobblemon:red_apricorn":11,"cobblemon:pinap_berry":19,"cobblemon:bluk_berry":21,"minecraft:dirt":25,"minecraft:raw_copper":7,"minecraft:bone":4,"minecraft:wheat_seeds":7,"cobblemon:green_apricorn":3,"minecraft:beef":24,"cobblemon:oran_berry":34,"minecraft:poppy":2,"minecraft:acacia_sapling":2,"minecraft:egg":3,"cobblemon:red_apricorn_seed":2,"minecraft:stick":2,"cobblemon:apricorn_log":5,"minecraft:acacia_log":24,"cobblemon:cheri_berry":11,"cobblemon:yellow_apricorn_seed":1,"cobblemon:persim_berry":13,"tombstone:grave_dust":1,"minecraft:spider_eye":1,"minecraft:arrow":3,"minecraft:rotten_flesh":2,"minecraft:hay_block":13,"minecraft:granite":14,"minecraft:oak_sapling":3,"minecraft:coal":43,"minecraft:cobblestone":9}},"DataVersion":3465}