{"stats":{"minecraft:picked_up":{"minecraft:fishing_rod":5,"minecraft:charcoal":2,"minecraft:air":0,"minecraft:crafting_table":3,"minecraft:chicken":4,"minecraft:feather":3,"minecraft:flower_pot":4,"minecraft:tripwire_hook":1,"minecraft:salmon":18,"minecraft:lead":8,"cobblemon:kebia_berry":1,"minecraft:stone_slab":3,"minecraft:potato":3,"minecraft:oak_log":18,"minecraft:lily_pad":1,"cobblemon:medicinal_brew":2,"minecraft:lapis_lazuli":15,"minecraft:dirt":6,"minecraft:moss_carpet":1,"minecraft:raw_copper":219,"minecraft:cooked_salmon":7,"minecraft:beetroot_soup":1,"minecraft:white_carpet":4,"minecraft:red_carpet":6,"minecraft:bone":6,"minecraft:acacia_planks":2,"minecraft:apple":1,"minecraft:beetroot":2,"minecraft:bow":1,"minecraft:wheat_seeds":1,"minecraft:cobbled_deepslate":12,"minecraft:cooked_chicken":6,"minecraft:stone_pickaxe":4,"cobblemon:oran_berry":7,"minecraft:poppy":5,"minecraft:spruce_trapdoor":1,"minecraft:stick":4,"minecraft:raw_iron":17,"minecraft:black_candle":8,"minecraft:cooked_porkchop":6,"minecraft:sweet_berries":1,"minecraft:axolotl_bucket":1,"minecraft:torch":3,"minecraft:acacia_log":2,"minecraft:dandelion":4,"minecraft:spruce_stairs":1,"minecraft:porkchop":4,"minecraft:carrot":8,"cobblemon:shuca_berry":3,"cobblemon:poke_ball":10,"minecraft:arrow":7,"minecraft:rotten_flesh":2,"minecraft:stone_axe":1,"minecraft:beetroot_seeds":6,"minecraft:crossbow":1,"minecraft:saddle":1,"minecraft:bread":9,"minecraft:oak_sapling":3,"minecraft:cod":7,"minecraft:white_wool":2,"minecraft:cobblestone":76},"minecraft:used":{"minecraft:stone_pickaxe":205,"minecraft:poppy":4,"minecraft:wooden_pickaxe":18,"minecraft:cooked_salmon":1,"minecraft:cooked_chicken":5,"cobblemon:pep_up_flower":2,"minecraft:rotten_flesh":2,"minecraft:torch":7,"minecraft:dirt":6,"minecraft:white_carpet":4,"minecraft:crafting_table":3,"minecraft:spruce_stairs":1,"minecraft:flower_pot":2,"minecraft:apple":1,"minecraft:oak_stairs":1,"minecraft:stone_slab":2,"minecraft:fishing_rod":24,"minecraft:sweet_berries":6,"minecraft:stone_axe":14,"minecraft:red_carpet":6,"minecraft:bow":3,"minecraft:cobblestone":7,"minecraft:oak_sapling":3,"minecraft:cooked_porkchop":4,"minecraft:black_candle":8,"minecraft:cobbled_deepslate":2,"minecraft:potato":9,"minecraft:acacia_planks":10},"minecraft:crafted":{"minecraft:oak_planks":72,"minecraft:wooden_pickaxe":1,"minecraft:stone_axe":1,"minecraft:stick":8,"minecraft:oak_stairs":4,"minecraft:stone_pickaxe":2,"minecraft:acacia_planks":8,"minecraft:torch":4},"minecraft:broken":{"minecraft:stone_pickaxe":1},"minecraft:killed":{"minecraft:pig":1,"minecraft:salmon":1,"minecraft:wandering_trader":1,"minecraft:skeleton":1,"minecraft:zombie":1},"minecraft:custom":{"minecraft:interact_with_furnace":2,"minecraft:mob_kills":5,"minecraft:interact_with_crafting_table":14,"minecraft:interact_with_campfire":15,"minecraft:bell_ring":9,"minecraft:pot_flower":5,"minecraft:leave_game":3,"minecraft:time_since_death":196145,"minecraft:sleep_in_bed":4,"minecraft:climb_one_cm":3485,"minecraft:time_since_rest":873,"minecraft:sprint_one_cm":301874,"minecraft:damage_taken":653,"minecraft:walk_one_cm":703894,"minecraft:drop":39,"minecraft:damage_dealt":651,"minecraft:swim_one_cm":11892,"minecraft:fly_one_cm":57118,"minecraft:open_chest":19,"tombstone:villager_killed":1,"minecraft:crouch_one_cm":12992,"minecraft:play_time":196145,"tombstone:undead_killed":2,"minecraft:sneak_time":3503,"minecraft:walk_under_water_one_cm":13782,"minecraft:jump":1205,"minecraft:walk_on_water_one_cm":20018,"minecraft:fish_caught":11,"minecraft:total_world_time":196145,"minecraft:fall_one_cm":15657},"minecraft:mined":{"minecraft:red_carpet":5,"minecraft:acacia_leaves":14,"minecraft:andesite_stairs":1,"minecraft:dandelion":4,"minecraft:spruce_trapdoor":1,"minecraft:crafting_table":2,"minecraft:glow_lichen":2,"minecraft:granite":8,"minecraft:acacia_log":2,"minecraft:grass_block":3,"minecraft:poppy":5,"minecraft:andesite_slab":1,"minecraft:campfire":1,"minecraft:stone_slab":2,"minecraft:tall_grass":11,"minecraft:copper_ore":58,"minecraft:lapis_ore":3,"cobblemon:chilan_berry":1,"cobblemon:oran_berry":7,"cobblemon:shuca_berry":4,"minecraft:wall_torch":3,"minecraft:deepslate_copper_ore":2,"minecraft:spruce_stairs":1,"minecraft:stone_stairs":1,"minecraft:carrots":1,"minecraft:iron_ore":13,"minecraft:white_carpet":3,"minecraft:andesite":5,"minecraft:grass":19,"minecraft:oak_log":17,"minecraft:beetroots":2,"minecraft:deepslate_iron_ore":4,"minecraft:sand":6,"minecraft:flower_pot":4,"minecraft:dirt":5,"minecraft:black_candle":2,"minecraft:acacia_planks":2,"minecraft:stone_bricks":1,"minecraft:stone":79,"minecraft:oak_leaves":66,"minecraft:deepslate":11,"minecraft:fern":1},"minecraft:dropped":{"minecraft:stone_axe":1,"minecraft:moss_carpet":1,"minecraft:wheat_seeds":1,"minecraft:cobbled_deepslate":10,"minecraft:raw_copper":1,"minecraft:cooked_porkchop":1,"minecraft:salmon":7,"minecraft:stick":1,"cobblemon:poke_ball":10,"minecraft:cooked_salmon":2,"cobblemon:medicinal_brew":1,"minecraft:bow":1,"minecraft:arrow":3,"minecraft:stone_pickaxe":4,"minecraft:fishing_rod":3,"minecraft:bone":6}},"DataVersion":3465}