{"stats":{"minecraft:killed":{"minecraft:skeleton":1,"minecraft:pig":1,"minecraft:salmon":1,"minecraft:wandering_trader":1,"minecraft:zombie":1},"minecraft:picked_up":{"minecraft:fishing_rod":5,"minecraft:charcoal":2,"minecraft:crafting_table":3,"minecraft:chicken":4,"minecraft:flower_pot":4,"minecraft:stone_slab":3,"minecraft:lead":26,"minecraft:raw_copper":219,"minecraft:moss_carpet":1,"minecraft:cooked_salmon":7,"minecraft:beetroot_soup":1,"minecraft:pufferfish":2,"minecraft:white_carpet":4,"minecraft:beetroot":2,"minecraft:cobbled_deepslate":12,"cobblemon:oran_berry":7,"minecraft:poppy":5,"minecraft:chest":1,"minecraft:birch_sapling":4,"minecraft:spruce_trapdoor":1,"minecraft:stick":37,"minecraft:raw_iron":17,"minecraft:oak_fence":1,"minecraft:torch":3,"minecraft:acacia_log":2,"minecraft:spruce_stairs":1,"minecraft:porkchop":4,"minecraft:carrot":8,"minecraft:arrow":7,"minecraft:rotten_flesh":2,"minecraft:cooked_cod":8,"minecraft:beetroot_seeds":6,"minecraft:saddle":2,"minecraft:cod":18,"minecraft:white_wool":2,"minecraft:cobblestone":663,"minecraft:birch_log":13,"minecraft:air":0,"minecraft:feather":3,"minecraft:tripwire_hook":1,"minecraft:salmon":20,"cobblemon:kebia_berry":1,"minecraft:potato":3,"minecraft:birch_planks":3,"minecraft:flint":2,"cobblemon:medicinal_brew":2,"minecraft:oak_log":18,"minecraft:lily_pad":1,"minecraft:lapis_lazuli":15,"minecraft:dirt":18,"minecraft:red_carpet":6,"minecraft:bone":6,"minecraft:acacia_planks":2,"minecraft:apple":1,"minecraft:bow":1,"minecraft:orange_tulip":4,"minecraft:wheat_seeds":1,"minecraft:stone_pickaxe":10,"minecraft:cooked_chicken":6,"minecraft:oak_planks":117,"minecraft:black_candle":8,"minecraft:cooked_porkchop":6,"minecraft:sweet_berries":1,"minecraft:axolotl_bucket":1,"minecraft:dandelion":4,"minecraft:gravel":11,"cobblemon:shuca_berry":3,"minecraft:mossy_cobblestone":1,"minecraft:stone_axe":7,"cobblemon:poke_ball":10,"minecraft:crossbow":1,"minecraft:bread":9,"minecraft:oak_sapling":3,"minecraft:coal":82},"minecraft:used":{"minecraft:poppy":4,"minecraft:cooked_salmon":4,"minecraft:cooked_chicken":5,"cobblemon:pep_up_flower":2,"minecraft:rotten_flesh":2,"minecraft:oak_door":2,"minecraft:torch":7,"minecraft:dirt":15,"minecraft:white_carpet":4,"minecraft:spruce_stairs":1,"minecraft:oak_stairs":1,"minecraft:birch_sapling":4,"minecraft:red_carpet":6,"minecraft:bow":3,"minecraft:sweet_berries":6,"minecraft:oak_sapling":3,"minecraft:furnace":1,"minecraft:potato":9,"minecraft:cobbled_deepslate":2,"minecraft:acacia_planks":10,"minecraft:stone_pickaxe":916,"minecraft:oak_planks":3,"minecraft:wooden_pickaxe":59,"minecraft:mossy_cobblestone":1,"minecraft:crafting_table":4,"minecraft:campfire":2,"minecraft:flower_pot":2,"minecraft:apple":1,"minecraft:stone_slab":2,"minecraft:stone_axe":34,"minecraft:fishing_rod":56,"minecraft:cobblestone":125,"minecraft:cooked_porkchop":4,"minecraft:black_candle":8},"minecraft:dropped":{"minecraft:birch_planks":1,"minecraft:wheat_seeds":1,"minecraft:cooked_porkchop":1,"minecraft:oak_fence":1,"minecraft:lead":1,"minecraft:cod":1,"minecraft:stick":1,"minecraft:dirt":3,"cobblemon:poke_ball":10,"minecraft:cooked_salmon":2,"minecraft:tripwire_hook":1,"minecraft:fishing_rod":3,"minecraft:bone":6,"minecraft:stone_axe":2,"minecraft:moss_carpet":1,"minecraft:cobbled_deepslate":10,"minecraft:raw_copper":1,"minecraft:oak_planks":12,"minecraft:salmon":7,"cobblemon:medicinal_brew":1,"minecraft:stone_pickaxe":5,"minecraft:arrow":3,"minecraft:bow":1},"minecraft:broken":{"minecraft:wooden_pickaxe":1,"minecraft:stone_pickaxe":6},"minecraft:custom":{"minecraft:mob_kills":5,"minecraft:animals_bred":1,"minecraft:interact_with_crafting_table":25,"minecraft:interact_with_campfire":23,"minecraft:bell_ring":9,"minecraft:leave_game":5,"minecraft:time_since_death":286825,"minecraft:climb_one_cm":3497,"minecraft:sprint_one_cm":406896,"minecraft:walk_one_cm":1021694,"minecraft:drop":61,"minecraft:talked_to_villager":1,"minecraft:play_time":286825,"minecraft:sneak_time":5158,"minecraft:walk_under_water_one_cm":14918,"minecraft:jump":1590,"minecraft:walk_on_water_one_cm":21954,"minecraft:total_world_time":286825,"minecraft:interact_with_furnace":7,"minecraft:pot_flower":5,"minecraft:sleep_in_bed":4,"minecraft:time_since_rest":91553,"minecraft:damage_taken":803,"minecraft:damage_dealt":676,"minecraft:swim_one_cm":12460,"minecraft:fly_one_cm":72655,"minecraft:open_chest":43,"minecraft:crouch_one_cm":18007,"tombstone:undead_killed":2,"tombstone:villager_killed":1,"minecraft:fish_caught":25,"minecraft:fall_one_cm":19546,"minecraft:horse_one_cm":222487},"minecraft:crafted":{"minecraft:oak_door":3,"minecraft:oak_planks":72,"minecraft:cooked_chicken":1,"minecraft:furnace":1,"minecraft:stone_pickaxe":2,"minecraft:chest":1,"minecraft:crafting_table":1,"minecraft:wooden_pickaxe":1,"minecraft:campfire":2,"minecraft:stone_axe":1,"minecraft:stick":8,"minecraft:oak_stairs":4,"minecraft:acacia_planks":8,"minecraft:torch":4},"minecraft:mined":{"minecraft:red_carpet":5,"minecraft:andesite_stairs":1,"minecraft:glow_lichen":2,"minecraft:spruce_trapdoor":1,"minecraft:granite":8,"minecraft:acacia_log":2,"minecraft:grass_block":3,"cobblemon:shuca_berry":4,"minecraft:carrots":1,"minecraft:iron_ore":16,"minecraft:andesite":5,"minecraft:deepslate_iron_ore":4,"minecraft:black_candle":2,"minecraft:stone":727,"minecraft:acacia_leaves":14,"minecraft:dandelion":4,"minecraft:crafting_table":2,"minecraft:poppy":5,"minecraft:andesite_slab":1,"minecraft:campfire":1,"minecraft:stone_slab":2,"minecraft:tall_grass":11,"minecraft:copper_ore":58,"minecraft:cobblestone":6,"minecraft:lapis_ore":3,"cobblemon:chilan_berry":1,"minecraft:oak_planks":2,"cobblemon:oran_berry":7,"minecraft:wall_torch":3,"minecraft:deepslate_copper_ore":2,"minecraft:spruce_stairs":1,"minecraft:stone_stairs":1,"minecraft:birch_planks":2,"minecraft:birch_log":14,"minecraft:white_carpet":3,"minecraft:birch_leaves":6,"minecraft:orange_tulip":2,"minecraft:grass":19,"minecraft:oak_log":17,"minecraft:coal_ore":80,"minecraft:beetroots":2,"minecraft:flower_pot":4,"minecraft:gravel":4,"minecraft:sand":6,"minecraft:dirt":12,"minecraft:acacia_planks":2,"minecraft:stone_bricks":1,"minecraft:oak_leaves":66,"minecraft:deepslate":11,"minecraft:fern":1}},"DataVersion":3465}