{
  "uuid": "2b18d482-941b-3f5b-94e7-462eace4a78c",
  "starterPrompted": true,
  "starterLocked": false,
  "starterSelected": true,
  "starterUUID": "7772b198-0a2f-467c-bccb-b46ab22bf543",
  "keyItems": [],
  "battleTheme": "cobblemon:battle.pvp.default",
  "extraData": {},
  "advancementData": {
    "totalCaptureCount": 13,
    "totalEggsHatched": 0,
    "totalEvolvedCount": 3,
    "totalBattleVictoryCount": 64,
    "totalPvPBattleVictoryCount": 0,
    "totalPvWBattleVictoryCount": 47,
    "totalPvNBattleVictoryCount": 17,
    "totalShinyCaptureCount": 0,
    "totalTradedCount": 0,
    "totalTypeCaptureCounts": {
      "normal": 3,
      "water": 4,
      "ghost": 1,
      "poison": 2,
      "ground": 1,
      "electric": 1,
      "fire": 2
    },
    "totalDefeatedCounts": {
      "cobblemon:snubbull": 1,
      "cobblemon:gastly": 1,
      "cobblemon:krabby": 1,
      "cobblemon:psyduck": 1,
      "cobblemon:lechonk": 2,
      "cobblemon:caterpie": 1,
      "cobblemon:pidgeotto": 1,
      "cobblemon:combee": 2,
      "cobblemon:mareep": 3,
      "cobblemon:spearow": 2,
      "cobblemon:fearow": 1,
      "cobblemon:doduo": 7,
      "cobblemon:patrat": 1,
      "cobblemon:wingull": 1,
      "cobblemon:wooloo": 1,
      "cobblemon:pidgey": 2,
      "cobblemon:miltank": 1,
      "cobblemon:elekid": 1,
      "cobblemon:ekans": 2,
      "cobblemon:swellow": 1,
      "cobblemon:poochyena": 1
    },
    "aspectsCollected": {}
  }
}