{
  "uuid": "2b18d482-941b-3f5b-94e7-462eace4a78c",
  "starterPrompted": true,
  "starterLocked": false,
  "starterSelected": true,
  "starterUUID": "7772b198-0a2f-467c-bccb-b46ab22bf543",
  "keyItems": [],
  "battleTheme": "cobblemon:battle.pvp.default",
  "extraData": {},
  "advancementData": {
    "totalCaptureCount": 11,
    "totalEggsHatched": 0,
    "totalEvolvedCount": 2,
    "totalBattleVictoryCount": 35,
    "totalPvPBattleVictoryCount": 0,
    "totalPvWBattleVictoryCount": 21,
    "totalPvNBattleVictoryCount": 14,
    "totalShinyCaptureCount": 0,
    "totalTradedCount": 0,
    "totalTypeCaptureCounts": {
      "normal": 3,
      "water": 4,
      "ghost": 1,
      "poison": 1,
      "ground": 1,
      "electric": 1,
      "fire": 1
    },
    "totalDefeatedCounts": {
      "cobblemon:snubbull": 1,
      "cobblemon:gastly": 1,
      "cobblemon:krabby": 1,
      "cobblemon:psyduck": 1,
      "cobblemon:lechonk": 1,
      "cobblemon:caterpie": 1,
      "cobblemon:pidgeotto": 1,
      "cobblemon:combee": 1,
      "cobblemon:mareep": 2
    },
    "aspectsCollected": {}
  }
}