{
  "uuid": "2b18d482-941b-3f5b-94e7-462eace4a78c",
  "starterPrompted": true,
  "starterLocked": false,
  "starterSelected": true,
  "starterUUID": "7772b198-0a2f-467c-bccb-b46ab22bf543",
  "keyItems": [],
  "battleTheme": "cobblemon:battle.pvp.default",
  "extraData": {},
  "advancementData": {
    "totalCaptureCount": 31,
    "totalEggsHatched": 0,
    "totalEvolvedCount": 11,
    "totalBattleVictoryCount": 197,
    "totalPvPBattleVictoryCount": 0,
    "totalPvWBattleVictoryCount": 170,
    "totalPvNBattleVictoryCount": 27,
    "totalShinyCaptureCount": 0,
    "totalTradedCount": 5,
    "totalTypeCaptureCounts": {
      "normal": 8,
      "water": 7,
      "ghost": 2,
      "poison": 3,
      "ground": 2,
      "electric": 1,
      "fire": 4,
      "ice": 1,
      "flying": 1,
      "grass": 1,
      "psychic": 1,
      "fairy": 1,
      "steel": 1,
      "fighting": 4,
      "rock": 2
    },
    "totalDefeatedCounts": {
      "cobblemon:snubbull": 1,
      "cobblemon:gastly": 1,
      "cobblemon:krabby": 1,
      "cobblemon:psyduck": 2,
      "cobblemon:lechonk": 8,
      "cobblemon:caterpie": 1,
      "cobblemon:pidgeotto": 1,
      "cobblemon:combee": 3,
      "cobblemon:mareep": 9,
      "cobblemon:spearow": 6,
      "cobblemon:fearow": 1,
      "cobblemon:doduo": 8,
      "cobblemon:patrat": 3,
      "cobblemon:wingull": 1,
      "cobblemon:wooloo": 4,
      "cobblemon:pidgey": 2,
      "cobblemon:miltank": 3,
      "cobblemon:elekid": 2,
      "cobblemon:ekans": 2,
      "cobblemon:swellow": 1,
      "cobblemon:poochyena": 1,
      "cobblemon:goldeen": 1,
      "cobblemon:yungoos": 4,
      "cobblemon:dodrio": 1,
      "cobblemon:komala": 2,
      "cobblemon:zigzagoon": 2,
      "cobblemon:nidoranm": 1,
      "cobblemon:slowpoke": 3,
      "cobblemon:igglybuff": 2,
      "cobblemon:crabrawler": 1,
      "cobblemon:sentret": 1,
      "cobblemon:butterfree": 1,
      "cobblemon:tauros": 8,
      "cobblemon:raticate": 1,
      "cobblemon:rhyhorn": 1,
      "cobblemon:mudbray": 2,
      "cobblemon:weedle": 1,
      "cobblemon:tadbulb": 1,
      "cobblemon:koffing": 1,
      "cobblemon:yamper": 2,
      "cobblemon:shinx": 1,
      "cobblemon:sandshrew": 4,
      "cobblemon:voltorb": 1,
      "cobblemon:buizel": 2,
      "cobblemon:geodude": 4,
      "cobblemon:cubone": 2,
      "cobblemon:trapinch": 1,
      "cobblemon:maractus": 1,
      "cobblemon:bouffalant": 7,
      "cobblemon:wiglett": 1,
      "cobblemon:graveler": 2,
      "cobblemon:fletchling": 1,
      "cobblemon:beedrill": 1,
      "cobblemon:flaaffy": 1,
      "cobblemon:bunnelby": 7,
      "cobblemon:diggersby": 1,
      "cobblemon:rattata": 1,
      "cobblemon:starly": 1,
      "cobblemon:lickitung": 3,
      "cobblemon:flabebe": 1,
      "cobblemon:pidove": 1
    },
    "aspectsCollected": {}
  }
}